id,title,description,publishedAt,tags,categoryId,defaultLanguage,defaultAudioLanguage,thumbnail_default,thumbnail_high,duration,viewCount,likeCount,commentCount,privacyStatus,channel_id,channel_title,channel_description,channel_country,channel_thumbnail,channel_subscriberCount,channel_videoCount
tqo0h5jvtsE,Kids meet Grammarly's CEO,Grammarly's Bring Your Kid to Work Day came with a plot twist when our temporary board held an impromptu meeting with our CEO.,2025-09-23T23:48:53Z,Grammarly|Skit,22,en,en,https://i.ytimg.com/vi/tqo0h5jvtsE/default.jpg,https://i.ytimg.com/vi/tqo0h5jvtsE/hqdefault.jpg,PT2M34S,222,2,0,public,UCfmqLyr1PI3_zbwppHNEzuQ,Grammarly,"Grammarly is the trusted AI assistant for communication and productivity, helping over 40 million people and 50,000 organizations do their best work. Companies like Atlassian, Databricks, and Zoom rely on Grammarly to brainstorm, compose, and enhance communication that moves work forward. Grammarly works where you work, integrating seamlessly with over 500,000 applications and websites.",US,https://yt3.ggpht.com/yuxLf3_zUv4L3U8YQoIH84DtgxtQdP5laOdantgogk6P7tKiNzFDA-JGYRk625usCHhpc5SlaDA=s800-c-k-c0x00ffffff-no-rj,236000,271
f_XVxYjmWj8,Grammarly + Coda: Smarter Workflows for Growing Teams,"At The Blogsmith Content Agency, efficiency and quality drive every process. By integrating Coda, their team can easily update and access any necessary information to be successful in their roles. Grammarly‚Äôs AI ensures every document is clear, mistake-free, and aligned with their brand voice. By combining these tools, The Blogsmith creates professional content, saves time, and scales with confidence.

Try Grammarly today: grammarly.com/business",2025-09-23T21:47:48Z,,27,en,en,https://i.ytimg.com/vi/f_XVxYjmWj8/default.jpg,https://i.ytimg.com/vi/f_XVxYjmWj8/hqdefault.jpg,PT1M9S,74,4,0,public,UCfmqLyr1PI3_zbwppHNEzuQ,Grammarly,"Grammarly is the trusted AI assistant for communication and productivity, helping over 40 million people and 50,000 organizations do their best work. Companies like Atlassian, Databricks, and Zoom rely on Grammarly to brainstorm, compose, and enhance communication that moves work forward. Grammarly works where you work, integrating seamlessly with over 500,000 applications and websites.",US,https://yt3.ggpht.com/yuxLf3_zUv4L3U8YQoIH84DtgxtQdP5laOdantgogk6P7tKiNzFDA-JGYRk625usCHhpc5SlaDA=s800-c-k-c0x00ffffff-no-rj,236000,271
G7BhPpYiGB4,Why Migrate from Notion to Coda (with Grammarly),"Learn why Maddy Osman, founder of The Blogsmith Content Agency, switched her team from Notion to Coda and how Grammarly ensures clarity and brand consistency throughout. By combining Coda's platform with Grammarly's AI, The Blogsmith creates clear, mistake-free documentation and scales content efficiently and cost-effectively.

Try Grammarly today: grammarly.com/business",2025-09-23T21:46:29Z,,27,en,en,https://i.ytimg.com/vi/G7BhPpYiGB4/default.jpg,https://i.ytimg.com/vi/G7BhPpYiGB4/hqdefault.jpg,PT1M39S,39,2,0,public,UCfmqLyr1PI3_zbwppHNEzuQ,Grammarly,"Grammarly is the trusted AI assistant for communication and productivity, helping over 40 million people and 50,000 organizations do their best work. Companies like Atlassian, Databricks, and Zoom rely on Grammarly to brainstorm, compose, and enhance communication that moves work forward. Grammarly works where you work, integrating seamlessly with over 500,000 applications and websites.",US,https://yt3.ggpht.com/yuxLf3_zUv4L3U8YQoIH84DtgxtQdP5laOdantgogk6P7tKiNzFDA-JGYRk625usCHhpc5SlaDA=s800-c-k-c0x00ffffff-no-rj,236000,271
O0qdEu7VjDs,How Grammarly Helps Communication Professionals Succeed,"For communications professional, Alyssa Towns, Grammarly is her partner in building a successful career. Over five years and more than 25 million analyzed words, Grammarly has helped Alyssa write with clarity, deliver high-quality work, and maintain long-term client relationships. By catching errors, strengthening tone, and sharpening clarity, Grammarly empowers Alyssa to be the best writer she can be for her clients.

Try Grammarly today: grammarly.com",2025-09-23T21:43:45Z,,27,en,en,https://i.ytimg.com/vi/O0qdEu7VjDs/default.jpg,https://i.ytimg.com/vi/O0qdEu7VjDs/hqdefault.jpg,PT1M41S,22,3,0,public,UCfmqLyr1PI3_zbwppHNEzuQ,Grammarly,"Grammarly is the trusted AI assistant for communication and productivity, helping over 40 million people and 50,000 organizations do their best work. Companies like Atlassian, Databricks, and Zoom rely on Grammarly to brainstorm, compose, and enhance communication that moves work forward. Grammarly works where you work, integrating seamlessly with over 500,000 applications and websites.",US,https://yt3.ggpht.com/yuxLf3_zUv4L3U8YQoIH84DtgxtQdP5laOdantgogk6P7tKiNzFDA-JGYRk625usCHhpc5SlaDA=s800-c-k-c0x00ffffff-no-rj,236000,271
WpRFs0gUYRs,How Grammarly‚Äôs AI Empowers Writers,"Grammarly‚Äôs AI writing assistance helps you write with clarity and confidence. Stacey, an educational technology consultant and author, shares how Grammarly enhances her writing by catching mistakes, refining tone, and rephrasing paragraphs to make every message more effective. Try Grammarly today: https://www.grammarly.com/",2025-09-22T05:53:48Z,,27,en,en,https://i.ytimg.com/vi/WpRFs0gUYRs/default.jpg,https://i.ytimg.com/vi/WpRFs0gUYRs/hqdefault.jpg,PT1M45S,78,3,0,public,UCfmqLyr1PI3_zbwppHNEzuQ,Grammarly,"Grammarly is the trusted AI assistant for communication and productivity, helping over 40 million people and 50,000 organizations do their best work. Companies like Atlassian, Databricks, and Zoom rely on Grammarly to brainstorm, compose, and enhance communication that moves work forward. Grammarly works where you work, integrating seamlessly with over 500,000 applications and websites.",US,https://yt3.ggpht.com/yuxLf3_zUv4L3U8YQoIH84DtgxtQdP5laOdantgogk6P7tKiNzFDA-JGYRk625usCHhpc5SlaDA=s800-c-k-c0x00ffffff-no-rj,236000,271
dvAh0pp7tBk,Improve Style and Substance With Grammarly‚Äôs Proofreader Agent,"Sharpen your thesis, strengthen your structure, and improve your phrasing as you write. Grammarly‚Äôs Proofreader agent goes beyond spelling and grammar correction to help you submit your best work. Learn more at https://gram.ly/4ptf4Gd.
 
Grammarly‚Äôs new writing surface is loaded with AI agents that understand the assignment. We‚Äôre talking:

 ‚Ä¢ AI Grader, which predicts your grade and instructor‚Äôs feedback based on your rubric, topic, and course context
 ‚Ä¢ Expert Review, which gives you feedback inspired by subject-matter experts in your field
 ‚Ä¢ Citation Finder, which scans your writing to identify claims that need support‚Äîand finds credible sources that back you up or push you to reconsider your points
 ‚Ä¢ Plagiarism Checker, which flags unintentional similarities and citation gaps by scanning your work against academic and online sources

The list goes on. 

Unlike other AI platforms, Grammarly is focused on helping students use AI without breaking their school‚Äôs academic integrity policies. Plus, it ensures your unique voice is preserved, even when you‚Äôre working with AI. It‚Äôs your essay, after all; it should sound like you.

Follow Grammarly on Instagram and LinkedIn.",2025-09-18T00:58:43Z,,27,en,en,https://i.ytimg.com/vi/dvAh0pp7tBk/default.jpg,https://i.ytimg.com/vi/dvAh0pp7tBk/hqdefault.jpg,PT46S,7135525,8,0,public,UCfmqLyr1PI3_zbwppHNEzuQ,Grammarly,"Grammarly is the trusted AI assistant for communication and productivity, helping over 40 million people and 50,000 organizations do their best work. Companies like Atlassian, Databricks, and Zoom rely on Grammarly to brainstorm, compose, and enhance communication that moves work forward. Grammarly works where you work, integrating seamlessly with over 500,000 applications and websites.",US,https://yt3.ggpht.com/yuxLf3_zUv4L3U8YQoIH84DtgxtQdP5laOdantgogk6P7tKiNzFDA-JGYRk625usCHhpc5SlaDA=s800-c-k-c0x00ffffff-no-rj,236000,271
a2nYw3gao7E,Adapt Your Writing for Any Style With Grammarly‚Äôs Paraphraser Agent,"Need to sound professional, casual, friendly, or somewhere in between? Grammarly‚Äôs Paraphraser agent adapts your writing while helping you retain your intended meaning. Make stiff text sound natural, fine-tune your tone, and adapt your writing for any style. Learn more at https://gram.ly/4ptf4Gd.

Grammarly‚Äôs new writing surface is loaded with AI agents that understand the assignment. We‚Äôre talking:

 ‚Ä¢ Proofreader, which sharpens your thesis, strengthens your structure, and improves your phrasing as you write
 ‚Ä¢ AI Grader, which predicts your grade and instructor‚Äôs feedback based on your rubric, topic, and course context
 ‚Ä¢ Expert Review, which gives you feedback inspired by subject-matter experts in your field
 ‚Ä¢ Citation Finder, which scans your writing to identify claims that need support‚Äîand finds credible sources that back you up or push you to reconsider your points
 ‚Ä¢ Plagiarism Checker, which flags unintentional similarities and citation gaps by scanning your work against academic and online sources

The list goes on.

Unlike other AI platforms, Grammarly is focused on helping students use AI without breaking their school‚Äôs academic integrity policies. Plus, it ensures your unique voice is preserved, even when you‚Äôre working with AI. It‚Äôs your essay, after all; it should sound like you.

Follow Grammarly on Instagram and LinkedIn.",2025-09-18T00:57:10Z,,27,en,en,https://i.ytimg.com/vi/a2nYw3gao7E/default.jpg,https://i.ytimg.com/vi/a2nYw3gao7E/hqdefault.jpg,PT51S,7723090,18,0,public,UCfmqLyr1PI3_zbwppHNEzuQ,Grammarly,"Grammarly is the trusted AI assistant for communication and productivity, helping over 40 million people and 50,000 organizations do their best work. Companies like Atlassian, Databricks, and Zoom rely on Grammarly to brainstorm, compose, and enhance communication that moves work forward. Grammarly works where you work, integrating seamlessly with over 500,000 applications and websites.",US,https://yt3.ggpht.com/yuxLf3_zUv4L3U8YQoIH84DtgxtQdP5laOdantgogk6P7tKiNzFDA-JGYRk625usCHhpc5SlaDA=s800-c-k-c0x00ffffff-no-rj,236000,271
y883pM6-ya8,Predict Your Grades Before You Get Them With Grammarly‚Äôs AI Grader,"Want to know how your paper will likely score before you turn it in? Grammarly‚Äôs AI Grader gives you instant insights based on the assignment, grading rubric, and even your instructor‚Äôs expectations so you can revise with purpose and submit with confidence. Learn more at https://gram.ly/4ptf4Gd.

Grammarly‚Äôs new writing surface is loaded with AI agents that understand the assignment. We‚Äôre talking:

 ‚Ä¢ Proofreader, which sharpens your thesis, strengthens your structure, and improves your phrasing as you write
 ‚Ä¢ Expert Review, which gives you feedback inspired by subject-matter experts in your field
 ‚Ä¢ Citation Finder, which scans your writing to identify claims that need support‚Äîand finds credible sources that back you up or push you to reconsider your points
 ‚Ä¢ Plagiarism Checker, which flags unintentional similarities and citation gaps by scanning your work against academic and online sources

The list goes on.

Unlike other AI platforms, Grammarly is focused on helping students use AI without breaking their school‚Äôs academic integrity policies. Plus, it ensures your unique voice is preserved, even when you‚Äôre working with AI. It‚Äôs your essay, after all; it should sound like you.

Follow Grammarly on Instagram and LinkedIn.",2025-09-18T00:55:12Z,,27,en,en,https://i.ytimg.com/vi/y883pM6-ya8/default.jpg,https://i.ytimg.com/vi/y883pM6-ya8/hqdefault.jpg,PT54S,3849674,5,0,public,UCfmqLyr1PI3_zbwppHNEzuQ,Grammarly,"Grammarly is the trusted AI assistant for communication and productivity, helping over 40 million people and 50,000 organizations do their best work. Companies like Atlassian, Databricks, and Zoom rely on Grammarly to brainstorm, compose, and enhance communication that moves work forward. Grammarly works where you work, integrating seamlessly with over 500,000 applications and websites.",US,https://yt3.ggpht.com/yuxLf3_zUv4L3U8YQoIH84DtgxtQdP5laOdantgogk6P7tKiNzFDA-JGYRk625usCHhpc5SlaDA=s800-c-k-c0x00ffffff-no-rj,236000,271
m0JR03nxy5k,Check Your Work for AI With Grammarly‚Äôs AI Detector,"Make sure your writing passes the test. Grammarly‚Äôs AI Detector helps you keep your work original and credible by flagging areas that sound AI-generated so you can revise it before you submit. Learn more at https://gram.ly/4ptf4Gd.

Grammarly‚Äôs new writing surface is loaded with AI agents that understand the assignment. We‚Äôre talking:

 ‚Ä¢ Proofreader, which sharpens your thesis, strengthens your structure, and improves your phrasing as you write
 ‚Ä¢ Expert Review, which gives you feedback inspired by subject-matter experts in your field
 ‚Ä¢ Citation Finder, which scans your writing to identify claims that need support‚Äîand finds credible sources that back you up or push you to reconsider your points
 ‚Ä¢ Plagiarism Checker, which flags unintentional similarities and citation gaps by scanning your work against academic and online sources

The list goes on.

Unlike other AI platforms, Grammarly is focused on helping students use AI without breaking their school‚Äôs academic integrity policies. Plus, it ensures your unique voice is preserved, even when you‚Äôre working with AI. It‚Äôs your essay, after all; it should sound like you.

Follow Grammarly on Instagram and LinkedIn.",2025-09-18T00:55:26Z,,27,en,en,https://i.ytimg.com/vi/m0JR03nxy5k/default.jpg,https://i.ytimg.com/vi/m0JR03nxy5k/hqdefault.jpg,PT45S,1474297,5,0,public,UCfmqLyr1PI3_zbwppHNEzuQ,Grammarly,"Grammarly is the trusted AI assistant for communication and productivity, helping over 40 million people and 50,000 organizations do their best work. Companies like Atlassian, Databricks, and Zoom rely on Grammarly to brainstorm, compose, and enhance communication that moves work forward. Grammarly works where you work, integrating seamlessly with over 500,000 applications and websites.",US,https://yt3.ggpht.com/yuxLf3_zUv4L3U8YQoIH84DtgxtQdP5laOdantgogk6P7tKiNzFDA-JGYRk625usCHhpc5SlaDA=s800-c-k-c0x00ffffff-no-rj,236000,271
VBAQr43v5hc,Know Your Work Is Original With Grammarly‚Äôs Plagiarism Checker,"Check your assignments for unintentional plagiarism and similarities before you turn them in. Grammarly‚Äôs Plagiarism Checker scans your work against billions of sources to help you catch areas that may need citing and find sources. Learn more at https://gram.ly/4ptf4Gd.

Grammarly‚Äôs new writing surface is loaded with AI agents that understand the assignment. We‚Äôre talking:

 ‚Ä¢ Proofreader, which sharpens your thesis, strengthens your structure, and improves your phrasing as you write
 ‚Ä¢ Expert Review, which gives you feedback inspired by subject-matter experts in your field
 ‚Ä¢ Citation Finder, which scans your writing to identify claims that need support‚Äîand finds credible sources that back you up or push you to reconsider your points
 ‚Ä¢ AI Detector, which scans your work for text that sounds AI-generated so you can revise it before you submit.

The list goes on.

Unlike other AI platforms, Grammarly is focused on helping students use AI without breaking their school‚Äôs academic integrity policies. Plus, it ensures your unique voice is preserved, even when you‚Äôre working with AI. It‚Äôs your essay, after all; it should sound like you.

Follow Grammarly on Instagram and LinkedIn.",2025-09-18T00:53:06Z,,27,en,en,https://i.ytimg.com/vi/VBAQr43v5hc/default.jpg,https://i.ytimg.com/vi/VBAQr43v5hc/hqdefault.jpg,PT45S,1358158,0,0,public,UCfmqLyr1PI3_zbwppHNEzuQ,Grammarly,"Grammarly is the trusted AI assistant for communication and productivity, helping over 40 million people and 50,000 organizations do their best work. Companies like Atlassian, Databricks, and Zoom rely on Grammarly to brainstorm, compose, and enhance communication that moves work forward. Grammarly works where you work, integrating seamlessly with over 500,000 applications and websites.",US,https://yt3.ggpht.com/yuxLf3_zUv4L3U8YQoIH84DtgxtQdP5laOdantgogk6P7tKiNzFDA-JGYRk625usCHhpc5SlaDA=s800-c-k-c0x00ffffff-no-rj,236000,271
daGUD3CB7UU,Find Sources Fast With Grammarly‚Äôs Citation Finder,"Discover how Grammarly‚Äôs Citation Finder helps you build credibility. Learn how it finds and formats sources instantly, reducing inaccuracies and making your work more persuasive. Learn more at https://gram.ly/4ptf4Gd.

Research made simple. Grammarly‚Äôs Citation Finder helps you verify claims, add citations, and strengthen your writing with evidence‚Äîall without leaving your draft.

Grammarly‚Äôs new writing surface is loaded with AI agents that understand the assignment. We‚Äôre talking:

 ‚Ä¢ Proofreader, which sharpens your thesis, strengthens your structure, and improves your phrasing as you write
 ‚Ä¢ Expert Review, which gives you feedback inspired by subject-matter experts in your field
 ‚Ä¢ AI Detector, which scans your work for text that sounds AI-generated so you can revise it before you submit.

The list goes on.

Unlike other AI platforms, Grammarly is focused on helping students use AI without breaking their school‚Äôs academic integrity policies. Plus it ensures your unique voice is preserved, even when you‚Äôre working with AI. It‚Äôs your essay, after all; it should sound like you.

Follow Grammarly on Instagram and LinkedIn.",2025-09-18T00:50:50Z,,27,en,en,https://i.ytimg.com/vi/daGUD3CB7UU/default.jpg,https://i.ytimg.com/vi/daGUD3CB7UU/hqdefault.jpg,PT47S,151150,1,0,public,UCfmqLyr1PI3_zbwppHNEzuQ,Grammarly,"Grammarly is the trusted AI assistant for communication and productivity, helping over 40 million people and 50,000 organizations do their best work. Companies like Atlassian, Databricks, and Zoom rely on Grammarly to brainstorm, compose, and enhance communication that moves work forward. Grammarly works where you work, integrating seamlessly with over 500,000 applications and websites.",US,https://yt3.ggpht.com/yuxLf3_zUv4L3U8YQoIH84DtgxtQdP5laOdantgogk6P7tKiNzFDA-JGYRk625usCHhpc5SlaDA=s800-c-k-c0x00ffffff-no-rj,236000,271
QoI7QEvAljo,Transform Robotic Text Into Natural Writing With Grammarly‚Äôs Humanizer,"See how Grammarly‚Äôs Humanizer agent transforms robotic drafts into natural, authentic writing. Watch how it adds warmth, nuance, and personality‚Äîso your message truly connects. Learn more at https://gram.ly/4ptf4Gd.

Grammarly‚Äôs new writing surface is loaded with AI agents that understand the assignment. We‚Äôre talking:

 ‚Ä¢ Proofreader, which sharpens your thesis, strengthens your structure, and improves your phrasing as you write
  ‚Ä¢ Expert Review, which gives you feedback inspired by subject-matter experts in your field
  ‚Ä¢ Citation Finder, which scans your writing to identify claims that need support‚Äîand finds credible sources that back you up or push you to reconsider your points
 ‚Ä¢ AI Detector, which scans your work for text that sounds AI-generated so you can revise it before you submit.

The list goes on.

Unlike other AI platforms, Grammarly is focused on helping students use AI without breaking their school‚Äôs academic integrity policies. Plus, it ensures your unique voice is preserved, even when you‚Äôre working with AI. It‚Äôs your essay, after all; it should sound like you.

Follow Grammarly on Instagram and LinkedIn.",2025-09-18T00:24:57Z,,27,en,en,https://i.ytimg.com/vi/QoI7QEvAljo/default.jpg,https://i.ytimg.com/vi/QoI7QEvAljo/hqdefault.jpg,PT1M6S,97957,3,0,public,UCfmqLyr1PI3_zbwppHNEzuQ,Grammarly,"Grammarly is the trusted AI assistant for communication and productivity, helping over 40 million people and 50,000 organizations do their best work. Companies like Atlassian, Databricks, and Zoom rely on Grammarly to brainstorm, compose, and enhance communication that moves work forward. Grammarly works where you work, integrating seamlessly with over 500,000 applications and websites.",US,https://yt3.ggpht.com/yuxLf3_zUv4L3U8YQoIH84DtgxtQdP5laOdantgogk6P7tKiNzFDA-JGYRk625usCHhpc5SlaDA=s800-c-k-c0x00ffffff-no-rj,236000,271
JQX7SdUJGeo,"Meet Docs, Grammarly‚Äôs New AI Writing Surface for Any Assignment","Discover the writing surface designed for clarity, creativity, and momentum. Learn how docs helps you shape raw ideas into sharp, finished work in one smart writing experience. Learn more at https://gram.ly/4ptf4Gd.

Grammarly‚Äôs new writing surface is loaded with AI agents that understand the assignment. We‚Äôre talking:

 ‚Ä¢ Proofreader, which sharpens your thesis, strengthens your structure, and improves your phrasing as you write
 ‚Ä¢ Expert Review, which gives you feedback inspired by subject-matter experts in your field
 ‚Ä¢ Citation Finder, which scans your writing to identify claims that need support‚Äîand finds credible sources that back you up or push you to reconsider your points
 ‚Ä¢ AI Detector, which scans your work for text that sounds AI-generated so you can revise it before you submit.

The list goes on.

Unlike other AI platforms, Grammarly is focused on helping students use AI without breaking their school‚Äôs academic integrity policies. Plus it ensures your unique voice is preserved, even when you‚Äôre working with AI. It‚Äôs your essay, after all; it should sound like you.

Follow Grammarly on Instagram and LinkedIn.",2025-09-18T00:19:04Z,,27,en,en,https://i.ytimg.com/vi/JQX7SdUJGeo/default.jpg,https://i.ytimg.com/vi/JQX7SdUJGeo/hqdefault.jpg,PT41S,207142,0,0,public,UCfmqLyr1PI3_zbwppHNEzuQ,Grammarly,"Grammarly is the trusted AI assistant for communication and productivity, helping over 40 million people and 50,000 organizations do their best work. Companies like Atlassian, Databricks, and Zoom rely on Grammarly to brainstorm, compose, and enhance communication that moves work forward. Grammarly works where you work, integrating seamlessly with over 500,000 applications and websites.",US,https://yt3.ggpht.com/yuxLf3_zUv4L3U8YQoIH84DtgxtQdP5laOdantgogk6P7tKiNzFDA-JGYRk625usCHhpc5SlaDA=s800-c-k-c0x00ffffff-no-rj,236000,271
EbG-mKTXCBo,Write Like an Insider With Grammarly‚Äôs Expert Review Agent,"Whether you‚Äôre writing science papers or business reports, Expert Review delivers domain-specific guidance. Watch how it helps you improve the depth, accuracy, and clarity of your writing. Learn more at https://gram.ly/4ptf4Gd.

Grammarly‚Äôs new writing surface is loaded with AI agents that understand the assignment. We‚Äôre talking:

 ‚Ä¢ Proofreader, which sharpens your thesis, strengthens your structure, and improves your phrasing as you write
 ‚Ä¢ Citation Finder, which scans your writing to identify claims that need support‚Äîand finds credible sources that back you up or push you to reconsider your points
 ‚Ä¢ AI Detector, which scans your work for text that sounds AI-generated so you can revise it before you submit.

The list goes on.

Unlike other AI platforms, Grammarly is focused on helping students use AI without breaking their school‚Äôs academic integrity policies. Plus it ensures your unique voice is preserved, even when you‚Äôre working with AI. It‚Äôs your essay, after all; it should sound like you.

Follow Grammarly on Instagram and LinkedIn.",2025-09-18T00:19:19Z,,27,en,en,https://i.ytimg.com/vi/EbG-mKTXCBo/default.jpg,https://i.ytimg.com/vi/EbG-mKTXCBo/hqdefault.jpg,PT51S,175688,0,0,public,UCfmqLyr1PI3_zbwppHNEzuQ,Grammarly,"Grammarly is the trusted AI assistant for communication and productivity, helping over 40 million people and 50,000 organizations do their best work. Companies like Atlassian, Databricks, and Zoom rely on Grammarly to brainstorm, compose, and enhance communication that moves work forward. Grammarly works where you work, integrating seamlessly with over 500,000 applications and websites.",US,https://yt3.ggpht.com/yuxLf3_zUv4L3U8YQoIH84DtgxtQdP5laOdantgogk6P7tKiNzFDA-JGYRk625usCHhpc5SlaDA=s800-c-k-c0x00ffffff-no-rj,236000,271
4qVL0BIM7H8,Analytics | Grammarly Admin Essentials,"Unlock deeper insights into your organization‚Äôs writing with Grammarly‚Äôs Analytics dashboard! In this video, we walk admins through using the dashboard to analyze team usage, discover growth opportunities, and drive brand consistency at scale.

Learn how to explore daily, weekly, or monthly analytics, track adoption across tools like Slack, Coda, and Gmail, and dive into how writing is improving over time. See which Grammarly suggestions are most commonly accepted, identify areas where your team can benefit from extra support, and measure the alignment of your team‚Äôs tone with your brand standards.
You‚Äôll also discover new AI usage insights and, for Enterprise plans, advanced features like Authorship‚Äîallowing you to see the balance between human and AI-generated text‚Äîand the Analytics API for integrating Grammarly data into your business intelligence systems. Don‚Äôt forget to encourage employees to track their own progress through personal dashboards!

With Grammarly‚Äôs Analytics dashboard, you get actionable data to elevate productivity, strengthen communication, and ensure your brand voice stays strong. Ready to get started? Head to your Admin panel and begin exploring your analytics today!

Learn more at https://gram.ly/3VN8yfQ.",2025-09-14T21:32:55Z,,27,en,en,https://i.ytimg.com/vi/4qVL0BIM7H8/default.jpg,https://i.ytimg.com/vi/4qVL0BIM7H8/hqdefault.jpg,PT3M2S,61,0,0,public,UCfmqLyr1PI3_zbwppHNEzuQ,Grammarly,"Grammarly is the trusted AI assistant for communication and productivity, helping over 40 million people and 50,000 organizations do their best work. Companies like Atlassian, Databricks, and Zoom rely on Grammarly to brainstorm, compose, and enhance communication that moves work forward. Grammarly works where you work, integrating seamlessly with over 500,000 applications and websites.",US,https://yt3.ggpht.com/yuxLf3_zUv4L3U8YQoIH84DtgxtQdP5laOdantgogk6P7tKiNzFDA-JGYRk625usCHhpc5SlaDA=s800-c-k-c0x00ffffff-no-rj,236000,271
1_ZczeKkduA,Brand Tones and Style Rules | Grammarly Admin Essentials,"Unlock consistent, on-brand communication for your team with Grammarly‚Äôs Brand Tones and Style Guide features. In this video, we walk admins through setting up these powerful tools to ensure every piece of writing matches your organization‚Äôs unique voice and standards.

Learn how to designate Brand Tones‚Äîlike casual, friendly, or professional‚Äîin the Grammarly admin panel, guiding your team to strike the right note in every message. We‚Äôll demonstrate how to answer a few quick questions to build your brand's tone profile, customize it by adding or removing tones, and apply these settings across team workflows. Real-time feedback keeps everyone‚Äôs writing aligned, wherever they work.

Next, see how to define Style Rules for your organization. Set up preferred terms, inclusive language standards, and compliance requirements that Grammarly will surface and reinforce as your team writes. You can upload multiple rules, add helpful explanations, and share extra resources with a click.

All these features integrate seamlessly into tools your team already uses, from Google Docs to email. Get started today and empower your team to communicate with clarity, consistency, and confidence from day one.

Learn more at https://gram.ly/3VN8yfQ.",2025-09-14T21:32:12Z,,27,en,en,https://i.ytimg.com/vi/1_ZczeKkduA/default.jpg,https://i.ytimg.com/vi/1_ZczeKkduA/hqdefault.jpg,PT3M5S,90,0,0,public,UCfmqLyr1PI3_zbwppHNEzuQ,Grammarly,"Grammarly is the trusted AI assistant for communication and productivity, helping over 40 million people and 50,000 organizations do their best work. Companies like Atlassian, Databricks, and Zoom rely on Grammarly to brainstorm, compose, and enhance communication that moves work forward. Grammarly works where you work, integrating seamlessly with over 500,000 applications and websites.",US,https://yt3.ggpht.com/yuxLf3_zUv4L3U8YQoIH84DtgxtQdP5laOdantgogk6P7tKiNzFDA-JGYRk625usCHhpc5SlaDA=s800-c-k-c0x00ffffff-no-rj,236000,271
CNDU5v7B_FU,Invite Users | Grammarly Admin Essentials,"In this video, you'll discover the different ways to invite users to Grammarly for your organization‚Äîwhether you're handling a small team or a large enterprise. We cover secure and streamlined options like Single Sign-On (SSO), which lets your team log in with your existing identity provider for easy access and added security, as well as SCIM provisioning for Enterprise plans, which automates user management and ensures new hires receive Grammarly access immediately.

For those preferring a hands-on approach, you‚Äôll see how to manually invite users via the Admin panel: add emails one-by-one, upload a bulk list, or share an invite link. We also explain how these methods work alongside SSO, maintaining secure access controls. Plus, learn about the different user roles you can assign‚Äîfrom account admins with full IT privileges to account managers, standard users, and customizable roles on Enterprise plans.
No matter how your organization is structured, this video provides you with flexible, secure, and scalable options to roll out Grammarly. If you need further help, our Help Center and Customer Care team are always available. Get started today by inviting your team from the Admin panel!

Learn more at https://gram.ly/3VN8yfQ.",2025-09-14T21:33:47Z,,27,en,en,https://i.ytimg.com/vi/CNDU5v7B_FU/default.jpg,https://i.ytimg.com/vi/CNDU5v7B_FU/hqdefault.jpg,PT3M18S,116,0,0,public,UCfmqLyr1PI3_zbwppHNEzuQ,Grammarly,"Grammarly is the trusted AI assistant for communication and productivity, helping over 40 million people and 50,000 organizations do their best work. Companies like Atlassian, Databricks, and Zoom rely on Grammarly to brainstorm, compose, and enhance communication that moves work forward. Grammarly works where you work, integrating seamlessly with over 500,000 applications and websites.",US,https://yt3.ggpht.com/yuxLf3_zUv4L3U8YQoIH84DtgxtQdP5laOdantgogk6P7tKiNzFDA-JGYRk625usCHhpc5SlaDA=s800-c-k-c0x00ffffff-no-rj,236000,271
5wmTbiiaIuU,Effective Communication Score | Grammarly Admin Essentials,"Discover how to measure and enhance your organization‚Äôs writing with Grammarly‚Äôs Effective Communication Score (ECS), available to Enterprise plan customers. In this video, we show admins how ECS offers a clear, data-driven view of your team‚Äôs communication quality by analyzing Grammarly activity and comparing it to industry benchmarks.

Learn how to find your ECS in the Admin panel‚Äôs Analytics tab, explore the detailed breakdown of how Grammarly‚Äôs suggestions improve correctness, clarity, inclusivity, style consistency, and brand compliance, and see how your team‚Äôs score stacks up. The video walks you through the score analysis dashboard‚Äîso you can interpret your results, identify opportunities for growth, and track progress over time.

We share practical tips to raise your organization‚Äôs ECS: set up Brand tones and Style rules, reinforce consistent communication, and invite team members to join Grammarly for wider adoption.

Whether you‚Äôre looking to boost communication across departments or showcase the impact of Grammarly to stakeholders, ECS gives you the metrics and insights you need. Dive in to learn how strong writing can power better work throughout your company. Ready to get started? Visit your Team overview page in the Admin panel today!

Learn more at https://gram.ly/3VN8yfQ.",2025-09-14T21:32:37Z,,27,en,en,https://i.ytimg.com/vi/5wmTbiiaIuU/default.jpg,https://i.ytimg.com/vi/5wmTbiiaIuU/hqdefault.jpg,PT2M33S,35,0,0,public,UCfmqLyr1PI3_zbwppHNEzuQ,Grammarly,"Grammarly is the trusted AI assistant for communication and productivity, helping over 40 million people and 50,000 organizations do their best work. Companies like Atlassian, Databricks, and Zoom rely on Grammarly to brainstorm, compose, and enhance communication that moves work forward. Grammarly works where you work, integrating seamlessly with over 500,000 applications and websites.",US,https://yt3.ggpht.com/yuxLf3_zUv4L3U8YQoIH84DtgxtQdP5laOdantgogk6P7tKiNzFDA-JGYRk625usCHhpc5SlaDA=s800-c-k-c0x00ffffff-no-rj,236000,271
5Ugu7Mxsi38,Generative AI | Grammarly Admin Essentials,"Unlock powerful AI-driven writing with Grammarly‚Äôs generative AI features! In this video, we‚Äôll guide admins through the process of enabling, customizing, and managing AI writing assistance for their teams. Discover how Grammarly‚Äôs advanced AI supports your organization with real-time summarization, content generation, quick-reply drafting, and seamless rewriting‚Äîdirectly within the tools your team uses every day. These intuitive capabilities help your team work smarter and communicate more effectively, without the hassle of switching between apps.

Learn about Grammarly‚Äôs strong commitment to data security and responsible AI. We adhere to top-tier privacy standards, including enterprise-grade certifications like ISO 42001, and protect your company‚Äôs information with trusted safeguards relied on by over 50,000 organizations worldwide.
As an admin, you‚Äôll see how easy it is to manage which Generative AI features are available to your team‚Äîturning them on or off for specific groups to match your organization‚Äôs needs. Plus, once enabled, your team can start leveraging AI immediately, and you can track usage trends in your Analytics dashboard.

Empower your organization to write clearly, confidently, and efficiently with Grammarly‚Äôs AI assistant. Ready to start? Head to your admin panel today and see the difference AI can make.

Learn more at https://gram.ly/3VN8yfQ.",2025-09-14T21:31:44Z,,27,en,en,https://i.ytimg.com/vi/5Ugu7Mxsi38/default.jpg,https://i.ytimg.com/vi/5Ugu7Mxsi38/hqdefault.jpg,PT2M12S,82,0,0,public,UCfmqLyr1PI3_zbwppHNEzuQ,Grammarly,"Grammarly is the trusted AI assistant for communication and productivity, helping over 40 million people and 50,000 organizations do their best work. Companies like Atlassian, Databricks, and Zoom rely on Grammarly to brainstorm, compose, and enhance communication that moves work forward. Grammarly works where you work, integrating seamlessly with over 500,000 applications and websites.",US,https://yt3.ggpht.com/yuxLf3_zUv4L3U8YQoIH84DtgxtQdP5laOdantgogk6P7tKiNzFDA-JGYRk625usCHhpc5SlaDA=s800-c-k-c0x00ffffff-no-rj,236000,271
q2jR6PmLOqU,Snippets and Knowledge Share | Grammarly Admin Essentials,"Supercharge your team‚Äôs productivity with Grammarly‚Äôs Snippets and Knowledge Share features! In this video, learn how to equip your organization with instant access to approved responses, key company knowledge, and essential resources‚Äîright where they work.

Discover how Snippets let admins create reusable text blocks for things like customer replies, product descriptions, or internal updates. Easily build and manage these time-saving shortcuts in the Admin panel, assign them to specific teams, and ensure everyone communicates with clarity and consistency. Your team simply types a quick ‚Äú\‚Äù shortcut to insert approved snippets, eliminating repetitive typing and boosting response times across emails, documents, and more.

Next, see how Knowledge Share transforms onboarding and daily work. Define jargon or acronyms and link supporting resources so team members can hover over unfamiliar terms and instantly get definitions, documentation, or contact information for experts. Add terms individually or in bulk, and use preset collections tailored to your industry.

Whether you‚Äôre supporting new hires or streamlining ongoing communication, Snippets and Knowledge Share help your team move faster, stay aligned, and focus on what counts. Get started today by heading to your Admin panel and enabling these powerful tools!

Learn more at https://gram.ly/3VN8yfQ.",2025-09-14T21:31:03Z,,27,en,en,https://i.ytimg.com/vi/q2jR6PmLOqU/default.jpg,https://i.ytimg.com/vi/q2jR6PmLOqU/hqdefault.jpg,PT3M45S,82,0,0,public,UCfmqLyr1PI3_zbwppHNEzuQ,Grammarly,"Grammarly is the trusted AI assistant for communication and productivity, helping over 40 million people and 50,000 organizations do their best work. Companies like Atlassian, Databricks, and Zoom rely on Grammarly to brainstorm, compose, and enhance communication that moves work forward. Grammarly works where you work, integrating seamlessly with over 500,000 applications and websites.",US,https://yt3.ggpht.com/yuxLf3_zUv4L3U8YQoIH84DtgxtQdP5laOdantgogk6P7tKiNzFDA-JGYRk625usCHhpc5SlaDA=s800-c-k-c0x00ffffff-no-rj,236000,271
xTPNx0Gt4Sg,Find your voice with Grammarly | Meet Grammarly‚Äôs new tools,"Grammarly is great for work. And now, it‚Äôs even better.

Need a space to build out your ideas? Or working on a work proposal that could use a tune-up? Grammarly is rolling out a new set of tools with specialized AI agents built to elevate your work while amplifying your voice. Learn more at https://gram.ly/4nnHpfc. 

We‚Äôre talking AI agents like...
 ‚Ä¢ Proofreader: Catch your errors quickly with a behind-the-scenes editor that helps you spot writing mistakes and strengthen your structure.
 ‚Ä¢ Expert Review: Get tailored feedback drawn from insights by subject matter experts for stronger on-point writing that hits the mark every time.
 ‚Ä¢ Reader Reactions: Predict how your target reader might react to your writing so you can adjust every pitch, post, proposal, or email before you hit send.,
 ‚Ä¢ Paraphraser: Fine-tune your voice to focus your message by homing in on the right tone‚Äîwhether that‚Äôs sounding more human, on-brand, or even more you.

The list goes on.

It‚Äôs the Grammarly you know, meets the one you‚Äôve always wanted. Break out of writer‚Äôs block and avoid the ‚ÄúThat‚Äôs not what I meant‚Äù conversations while preserving your unique perspective.

After all, it‚Äôs your work, it should sound like you.

Follow Grammarly on Instagram and LinkedIn.",2025-09-10T23:31:28Z,Grammarly|AI agents|Proofreader|Proofreading|Paraphraser|Paraphrasing|AI Writing|Writing tool|AI writing editor,27,en,en,https://i.ytimg.com/vi/xTPNx0Gt4Sg/default.jpg,https://i.ytimg.com/vi/xTPNx0Gt4Sg/hqdefault.jpg,PT1M20S,716830,16,0,public,UCfmqLyr1PI3_zbwppHNEzuQ,Grammarly,"Grammarly is the trusted AI assistant for communication and productivity, helping over 40 million people and 50,000 organizations do their best work. Companies like Atlassian, Databricks, and Zoom rely on Grammarly to brainstorm, compose, and enhance communication that moves work forward. Grammarly works where you work, integrating seamlessly with over 500,000 applications and websites.",US,https://yt3.ggpht.com/yuxLf3_zUv4L3U8YQoIH84DtgxtQdP5laOdantgogk6P7tKiNzFDA-JGYRk625usCHhpc5SlaDA=s800-c-k-c0x00ffffff-no-rj,236000,271
W2P7eixJOgc,AI that helps you put the A in GPA | Make the grade with Grammarly,"Still submitting your work into the grade unknown? There‚Äôs a better way to do things now. Grammarly just got a major AI upgrade and is packed with AI agents designed for school. See how it can help you do your best work with less stress at https://gram.ly/3VJicjy.

Grammarly‚Äôs new writing surface is loaded with AI agents that understand the assignment. We‚Äôre talking:

 ‚Ä¢ AI Grader, which predicts your grade and instructor‚Äôs feedback based on your rubric, topic, and course context
 ‚Ä¢ Proofreader, which sharpens your thesis, strengthens your structure, and improves your phrasing as you write
 ‚Ä¢ Expert Review, which gives you feedback inspired by subject-matter experts in your field
 ‚Ä¢ Citations Finder, which scans your writing to identify claims that need support‚Äîand finds credible sources that back you up or push you to reconsider your points
 ‚Ä¢ Plagiarism Checker, which flags unintentional similarities and citation gaps by scanning your work against academic and online sources

The list goes on.

Unlike other AI platforms, Grammarly is focused on helping students use AI without breaking their school‚Äôs academic integrity policies. Plus, it ensures your unique voice is preserved, even when you‚Äôre working with AI. It‚Äôs your essay, after all; it should sound like you.

Follow Grammarly on Instagram and LinkedIn.",2025-09-08T20:00:25Z,ai writing|essay|essay writing|academic writing|writing|grammarly|ai agents|writing agents|citation|plagiarism,27,en,en,https://i.ytimg.com/vi/W2P7eixJOgc/default.jpg,https://i.ytimg.com/vi/W2P7eixJOgc/hqdefault.jpg,PT1M27S,692288,34,0,public,UCfmqLyr1PI3_zbwppHNEzuQ,Grammarly,"Grammarly is the trusted AI assistant for communication and productivity, helping over 40 million people and 50,000 organizations do their best work. Companies like Atlassian, Databricks, and Zoom rely on Grammarly to brainstorm, compose, and enhance communication that moves work forward. Grammarly works where you work, integrating seamlessly with over 500,000 applications and websites.",US,https://yt3.ggpht.com/yuxLf3_zUv4L3U8YQoIH84DtgxtQdP5laOdantgogk6P7tKiNzFDA-JGYRk625usCHhpc5SlaDA=s800-c-k-c0x00ffffff-no-rj,236000,271
4pnUGdXRXN8,AI you‚Äôll wish you had last year | Work faster and smarter with Grammarly,"Still submitting your work into the grade unknown? There‚Äôs a better way to do things now. Grammarly just got a major AI upgrade and is packed with AI agents designed for school. See how it can help you do your best work with less stress at https://gram.ly/3HNPWt4.

Grammarly‚Äôs new writing surface is loaded with AI agents that understand the assignment. We‚Äôre talking:

 ‚Ä¢ AI Grader, which predicts your grade and instructor‚Äôs feedback based on your rubric, topic, and course context
 ‚Ä¢ Proofreader, which sharpens your thesis, strengthens your structure, and improves your phrasing as you write
 ‚Ä¢ Expert Review, which gives you feedback inspired by subject-matter experts in your field
 ‚Ä¢ Citations Finder, which scans your writing to identify claims that need support‚Äîand finds credible sources that back you up or push you to reconsider your points
 ‚Ä¢ Plagiarism Checker, which flags unintentional similarities and citation gaps by scanning your work against academic and online sources

The list goes on.

Unlike other AI platforms, Grammarly is focused on helping students use AI without breaking their school‚Äôs academic integrity policies. Plus, it ensures your unique voice is preserved, even when you‚Äôre working with AI. It‚Äôs your essay, after all; it should sound like you.

Follow Grammarly on Instagram and LinkedIn.",2025-09-06T00:11:12Z,ai writing|essay|essay writing|academic writing|writing|grammarly|ai agents|writing agents|citation|plagiarism,27,en,en,https://i.ytimg.com/vi/4pnUGdXRXN8/default.jpg,https://i.ytimg.com/vi/4pnUGdXRXN8/hqdefault.jpg,PT1M28S,300938,39,0,public,UCfmqLyr1PI3_zbwppHNEzuQ,Grammarly,"Grammarly is the trusted AI assistant for communication and productivity, helping over 40 million people and 50,000 organizations do their best work. Companies like Atlassian, Databricks, and Zoom rely on Grammarly to brainstorm, compose, and enhance communication that moves work forward. Grammarly works where you work, integrating seamlessly with over 500,000 applications and websites.",US,https://yt3.ggpht.com/yuxLf3_zUv4L3U8YQoIH84DtgxtQdP5laOdantgogk6P7tKiNzFDA-JGYRk625usCHhpc5SlaDA=s800-c-k-c0x00ffffff-no-rj,236000,271
N9afgFkfV1w,"AI Agents, Productivity & the Future of Work | Grammarly CEO @ HumanX","Dive into Grammarly CEO Shishir Mehrotra‚Äôs talk at the @HumanXConference. He discussed what business leaders can learn from Grammarly's AI strategy: not just as a trend, but as a tool that should work for people. 

üí° From building agents that act like real collaborators to helping users stay authentic in how they communicate, this talk explores what sets Grammarly‚Äôs approach to AI apart, how we integrate agents directly into the workflow, and why business leaders should care about AI that interacts with users where they are.

Try Grammarly for yourself: https://gram.ly/45CNYVo

How does your workspace use AI? Let us know in the comments ‚ú®. 

Follow Grammarly on our other socials ‚≠êÔ∏è
Instagram: https://www.instagram.com/grammarly 
TikTok: https://www.tiktok.com/@grammarlyofficial
X: https://x.com/Grammarly
LinkedIn: https://www.linkedin.com/company/grammarly/ 
Facebook: https://www.facebook.com/grammarly/

Timestamps:
0:00 Introduction 
1:04 What's Next for Grammarly
3:09 What did the change in AI usage signify to you? 
5:16 How do you see Grammarly‚Äôs tools evolving? What have you seen from viewers that has surprised you? 
7:24  What does the term agents mean to you and Grammarly? 
11:24 How is Grammarly focused on preserving human authenticity in communication? 
13:42 How are you thinking of corporate culture as you integrate into your new role? 
17:26 What untapped opportunities in workplace productivity is Grammarly poised to address?",2025-09-03T23:00:32Z,AI|Generative AI|Grammarly|Jobs|Employees|Efficiency|Productivity|AI Agents|Scaling|Shishir Mehrotra|Work|Tech,28,en,en,https://i.ytimg.com/vi/N9afgFkfV1w/default.jpg,https://i.ytimg.com/vi/N9afgFkfV1w/hqdefault.jpg,PT18M55S,247,10,0,public,UCfmqLyr1PI3_zbwppHNEzuQ,Grammarly,"Grammarly is the trusted AI assistant for communication and productivity, helping over 40 million people and 50,000 organizations do their best work. Companies like Atlassian, Databricks, and Zoom rely on Grammarly to brainstorm, compose, and enhance communication that moves work forward. Grammarly works where you work, integrating seamlessly with over 500,000 applications and websites.",US,https://yt3.ggpht.com/yuxLf3_zUv4L3U8YQoIH84DtgxtQdP5laOdantgogk6P7tKiNzFDA-JGYRk625usCHhpc5SlaDA=s800-c-k-c0x00ffffff-no-rj,236000,271
i6l1Ai_gc68,How Grammarly‚Äôs AI Supports Clear Communication at Work,"Grammarly‚Äôs AI writing assistance helps professionals communicate with clarity and confidence. Lucy, Manager of Design Operations, shares how Grammarly supports her work, making change management easier, improving tone, and ensuring every message is clear and compelling. Try Grammarly today: https://www.grammarly.com/",2025-09-03T05:31:36Z,,27,en,en,https://i.ytimg.com/vi/i6l1Ai_gc68/default.jpg,https://i.ytimg.com/vi/i6l1Ai_gc68/hqdefault.jpg,PT1M38S,231,6,0,public,UCfmqLyr1PI3_zbwppHNEzuQ,Grammarly,"Grammarly is the trusted AI assistant for communication and productivity, helping over 40 million people and 50,000 organizations do their best work. Companies like Atlassian, Databricks, and Zoom rely on Grammarly to brainstorm, compose, and enhance communication that moves work forward. Grammarly works where you work, integrating seamlessly with over 500,000 applications and websites.",US,https://yt3.ggpht.com/yuxLf3_zUv4L3U8YQoIH84DtgxtQdP5laOdantgogk6P7tKiNzFDA-JGYRk625usCHhpc5SlaDA=s800-c-k-c0x00ffffff-no-rj,236000,271
tBRPf3a6a8s,How Grammarly‚Äôs AI Helps Professionals Communicate with Confidence,Grammarly‚Äôs AI writing assistance helps professionals communicate with clarity and confidence. Customer success professional Chinelo shares how Grammarly supports her daily work‚Äîfrom writing clear emails to adjusting tone and polishing drafts‚Äîwhile keeping her authentic voice. Try Grammarly today: https://www.grammarly.com/,2025-09-03T05:25:45Z,,27,en,en,https://i.ytimg.com/vi/tBRPf3a6a8s/default.jpg,https://i.ytimg.com/vi/tBRPf3a6a8s/hqdefault.jpg,PT1M46S,168,5,0,public,UCfmqLyr1PI3_zbwppHNEzuQ,Grammarly,"Grammarly is the trusted AI assistant for communication and productivity, helping over 40 million people and 50,000 organizations do their best work. Companies like Atlassian, Databricks, and Zoom rely on Grammarly to brainstorm, compose, and enhance communication that moves work forward. Grammarly works where you work, integrating seamlessly with over 500,000 applications and websites.",US,https://yt3.ggpht.com/yuxLf3_zUv4L3U8YQoIH84DtgxtQdP5laOdantgogk6P7tKiNzFDA-JGYRk625usCHhpc5SlaDA=s800-c-k-c0x00ffffff-no-rj,236000,271
w2xMPC6xA6g,"Interns, we‚Äôve got you",Bussin‚Äô and buttoned-up‚ÄîGrammarly makes it possible. / @Fentifriedchicken,2025-08-05T01:21:39Z,Grammarly|corporate life|funny|skit,22,en,en,https://i.ytimg.com/vi/w2xMPC6xA6g/default.jpg,https://i.ytimg.com/vi/w2xMPC6xA6g/hqdefault.jpg,PT37S,965,13,2,public,UCfmqLyr1PI3_zbwppHNEzuQ,Grammarly,"Grammarly is the trusted AI assistant for communication and productivity, helping over 40 million people and 50,000 organizations do their best work. Companies like Atlassian, Databricks, and Zoom rely on Grammarly to brainstorm, compose, and enhance communication that moves work forward. Grammarly works where you work, integrating seamlessly with over 500,000 applications and websites.",US,https://yt3.ggpht.com/yuxLf3_zUv4L3U8YQoIH84DtgxtQdP5laOdantgogk6P7tKiNzFDA-JGYRk625usCHhpc5SlaDA=s800-c-k-c0x00ffffff-no-rj,236000,271
C3SISnlxTWk,Hope this email finds you bene,@Workretiredie deserves that PTO and so do you.,2025-08-04T20:41:54Z,Comedy|Grammarly|PTO|Shorts|Skit,22,en,en,https://i.ytimg.com/vi/C3SISnlxTWk/default.jpg,https://i.ytimg.com/vi/C3SISnlxTWk/hqdefault.jpg,PT1M,1201,6,0,public,UCfmqLyr1PI3_zbwppHNEzuQ,Grammarly,"Grammarly is the trusted AI assistant for communication and productivity, helping over 40 million people and 50,000 organizations do their best work. Companies like Atlassian, Databricks, and Zoom rely on Grammarly to brainstorm, compose, and enhance communication that moves work forward. Grammarly works where you work, integrating seamlessly with over 500,000 applications and websites.",US,https://yt3.ggpht.com/yuxLf3_zUv4L3U8YQoIH84DtgxtQdP5laOdantgogk6P7tKiNzFDA-JGYRk625usCHhpc5SlaDA=s800-c-k-c0x00ffffff-no-rj,236000,271
i87EmzcpaLs,Spend the day with Grammarly,We‚Äôre happy to play a part in your most productive days.,2025-08-01T01:25:32Z,DIML|grammarly|hack|how to|work,22,en,en,https://i.ytimg.com/vi/i87EmzcpaLs/default.jpg,https://i.ytimg.com/vi/i87EmzcpaLs/hqdefault.jpg,PT40S,499,7,0,public,UCfmqLyr1PI3_zbwppHNEzuQ,Grammarly,"Grammarly is the trusted AI assistant for communication and productivity, helping over 40 million people and 50,000 organizations do their best work. Companies like Atlassian, Databricks, and Zoom rely on Grammarly to brainstorm, compose, and enhance communication that moves work forward. Grammarly works where you work, integrating seamlessly with over 500,000 applications and websites.",US,https://yt3.ggpht.com/yuxLf3_zUv4L3U8YQoIH84DtgxtQdP5laOdantgogk6P7tKiNzFDA-JGYRk625usCHhpc5SlaDA=s800-c-k-c0x00ffffff-no-rj,236000,271
gflvhOeZNnw,Why Zapier‚Äôs Workforce Trusts Grammarly + Coda to Move Fast and Stay On-Brand,"Discover how Zapier uses Coda and Grammarly to streamline content creation, boost productivity, and stay on-brand‚Äîwithout the usual back-and-forth. From AI-powered writing support to intuitive formatting and automation, these tools help Zapier's team move faster, work smarter, and deliver results.

Learn more at grammarly.com/enterprise",2025-07-31T21:28:02Z,grammarly|grammarly business|zapier|coda,27,en,en,https://i.ytimg.com/vi/gflvhOeZNnw/default.jpg,https://i.ytimg.com/vi/gflvhOeZNnw/hqdefault.jpg,PT1M24S,622,5,0,public,UCfmqLyr1PI3_zbwppHNEzuQ,Grammarly,"Grammarly is the trusted AI assistant for communication and productivity, helping over 40 million people and 50,000 organizations do their best work. Companies like Atlassian, Databricks, and Zoom rely on Grammarly to brainstorm, compose, and enhance communication that moves work forward. Grammarly works where you work, integrating seamlessly with over 500,000 applications and websites.",US,https://yt3.ggpht.com/yuxLf3_zUv4L3U8YQoIH84DtgxtQdP5laOdantgogk6P7tKiNzFDA-JGYRk625usCHhpc5SlaDA=s800-c-k-c0x00ffffff-no-rj,236000,271
MDZrECbuCgo,Propaganda we're not falling for,What are you not falling for?,2025-07-30T20:27:33Z,business|funny|office humor|shorts|worklife,22,en,en,https://i.ytimg.com/vi/MDZrECbuCgo/default.jpg,https://i.ytimg.com/vi/MDZrECbuCgo/hqdefault.jpg,PT25S,1201,5,0,public,UCfmqLyr1PI3_zbwppHNEzuQ,Grammarly,"Grammarly is the trusted AI assistant for communication and productivity, helping over 40 million people and 50,000 organizations do their best work. Companies like Atlassian, Databricks, and Zoom rely on Grammarly to brainstorm, compose, and enhance communication that moves work forward. Grammarly works where you work, integrating seamlessly with over 500,000 applications and websites.",US,https://yt3.ggpht.com/yuxLf3_zUv4L3U8YQoIH84DtgxtQdP5laOdantgogk6P7tKiNzFDA-JGYRk625usCHhpc5SlaDA=s800-c-k-c0x00ffffff-no-rj,236000,271
LRZ6r2N2x-I,Kids ask what we actually do at work,Can you explain your job to an 8-year-old? Not an easy task! But our Grammarlians did their best at this year's Bring Your Kids to Work day.,2025-07-29T01:22:31Z,BTS|BringYourKidsToWork|Company insight|Grammarly|Shorts,22,en,en,https://i.ytimg.com/vi/LRZ6r2N2x-I/default.jpg,https://i.ytimg.com/vi/LRZ6r2N2x-I/hqdefault.jpg,PT1M6S,1003,18,0,public,UCfmqLyr1PI3_zbwppHNEzuQ,Grammarly,"Grammarly is the trusted AI assistant for communication and productivity, helping over 40 million people and 50,000 organizations do their best work. Companies like Atlassian, Databricks, and Zoom rely on Grammarly to brainstorm, compose, and enhance communication that moves work forward. Grammarly works where you work, integrating seamlessly with over 500,000 applications and websites.",US,https://yt3.ggpht.com/yuxLf3_zUv4L3U8YQoIH84DtgxtQdP5laOdantgogk6P7tKiNzFDA-JGYRk625usCHhpc5SlaDA=s800-c-k-c0x00ffffff-no-rj,236000,271
DP17ooOf_NI,"How Zapier Uses Coda to Power Transparency, AI, and Cross-Functional Collaboration","At Zapier, transparency isn‚Äôt just a value, it‚Äôs a way of working. With open docs, powerful APIs, and seamless integrations, @Coda_hq helps Zapier connect teams, automate workflows, and build smarter AI systems‚Äîall while keeping everyone aligned in a fully remote environment.
Learn more at coda.io",2025-07-28T16:17:03Z,,27,en,en,https://i.ytimg.com/vi/DP17ooOf_NI/default.jpg,https://i.ytimg.com/vi/DP17ooOf_NI/hqdefault.jpg,PT1M32S,393,7,0,public,UCfmqLyr1PI3_zbwppHNEzuQ,Grammarly,"Grammarly is the trusted AI assistant for communication and productivity, helping over 40 million people and 50,000 organizations do their best work. Companies like Atlassian, Databricks, and Zoom rely on Grammarly to brainstorm, compose, and enhance communication that moves work forward. Grammarly works where you work, integrating seamlessly with over 500,000 applications and websites.",US,https://yt3.ggpht.com/yuxLf3_zUv4L3U8YQoIH84DtgxtQdP5laOdantgogk6P7tKiNzFDA-JGYRk625usCHhpc5SlaDA=s800-c-k-c0x00ffffff-no-rj,236000,271
9FhPaxfRO4Y,How to get a job in 24 hours,"We promise, we‚Äôre not trying to pull @Sambucha away from YouTube. However, his cold emailing skills are impressive!",2025-07-26T01:02:30Z,Grammarly|How To|Job search|Producitivity|Writing,22,en,en,https://i.ytimg.com/vi/9FhPaxfRO4Y/default.jpg,https://i.ytimg.com/vi/9FhPaxfRO4Y/hqdefault.jpg,PT1M1S,1047,16,3,public,UCfmqLyr1PI3_zbwppHNEzuQ,Grammarly,"Grammarly is the trusted AI assistant for communication and productivity, helping over 40 million people and 50,000 organizations do their best work. Companies like Atlassian, Databricks, and Zoom rely on Grammarly to brainstorm, compose, and enhance communication that moves work forward. Grammarly works where you work, integrating seamlessly with over 500,000 applications and websites.",US,https://yt3.ggpht.com/yuxLf3_zUv4L3U8YQoIH84DtgxtQdP5laOdantgogk6P7tKiNzFDA-JGYRk625usCHhpc5SlaDA=s800-c-k-c0x00ffffff-no-rj,236000,271
zfqHawI17es,Why new hires need Grammarly,Your brainpower shouldn‚Äôt be wasted on email formalities. Let us handle the heavy lifting. Use the Grammarly Keyboard. / @jedcal,2025-07-24T20:23:23Z,Grammarly|Hack|How To|Productivity,22,en,en,https://i.ytimg.com/vi/zfqHawI17es/default.jpg,https://i.ytimg.com/vi/zfqHawI17es/hqdefault.jpg,PT38S,452,5,1,public,UCfmqLyr1PI3_zbwppHNEzuQ,Grammarly,"Grammarly is the trusted AI assistant for communication and productivity, helping over 40 million people and 50,000 organizations do their best work. Companies like Atlassian, Databricks, and Zoom rely on Grammarly to brainstorm, compose, and enhance communication that moves work forward. Grammarly works where you work, integrating seamlessly with over 500,000 applications and websites.",US,https://yt3.ggpht.com/yuxLf3_zUv4L3U8YQoIH84DtgxtQdP5laOdantgogk6P7tKiNzFDA-JGYRk625usCHhpc5SlaDA=s800-c-k-c0x00ffffff-no-rj,236000,271
GTW5eAfL2tc,Get work done with speed,"Speed tour and speed writing go hand in hand. Thanks for the tour, @trent_miller__!",2025-07-22T20:27:07Z,,22,en,en,https://i.ytimg.com/vi/GTW5eAfL2tc/default.jpg,https://i.ytimg.com/vi/GTW5eAfL2tc/hqdefault.jpg,PT57S,1003,7,0,public,UCfmqLyr1PI3_zbwppHNEzuQ,Grammarly,"Grammarly is the trusted AI assistant for communication and productivity, helping over 40 million people and 50,000 organizations do their best work. Companies like Atlassian, Databricks, and Zoom rely on Grammarly to brainstorm, compose, and enhance communication that moves work forward. Grammarly works where you work, integrating seamlessly with over 500,000 applications and websites.",US,https://yt3.ggpht.com/yuxLf3_zUv4L3U8YQoIH84DtgxtQdP5laOdantgogk6P7tKiNzFDA-JGYRk625usCHhpc5SlaDA=s800-c-k-c0x00ffffff-no-rj,236000,271
nrPEDbmQWDc,Would you show us your most embarassing email?,"No more emails that make you go, ""Why did I send that?"". Download Grammarly and sound confident during your job search. / @RizwanShan",2025-07-18T01:26:32Z,#shorts|#youtubeshorts|grammarly|interview,22,en,en,https://i.ytimg.com/vi/nrPEDbmQWDc/default.jpg,https://i.ytimg.com/vi/nrPEDbmQWDc/hqdefault.jpg,PT59S,884,4,1,public,UCfmqLyr1PI3_zbwppHNEzuQ,Grammarly,"Grammarly is the trusted AI assistant for communication and productivity, helping over 40 million people and 50,000 organizations do their best work. Companies like Atlassian, Databricks, and Zoom rely on Grammarly to brainstorm, compose, and enhance communication that moves work forward. Grammarly works where you work, integrating seamlessly with over 500,000 applications and websites.",US,https://yt3.ggpht.com/yuxLf3_zUv4L3U8YQoIH84DtgxtQdP5laOdantgogk6P7tKiNzFDA-JGYRk625usCHhpc5SlaDA=s800-c-k-c0x00ffffff-no-rj,236000,271
a3hPrcebSOQ,No more pings during your PTO,Do it like @jordanreviewsittt and let Grammarly help you relax on your PTO.,2025-07-17T20:01:23Z,comedy|grammarly|shorts|youtube shorts,22,en,en,https://i.ytimg.com/vi/a3hPrcebSOQ/default.jpg,https://i.ytimg.com/vi/a3hPrcebSOQ/hqdefault.jpg,PT42S,1262,4,0,public,UCfmqLyr1PI3_zbwppHNEzuQ,Grammarly,"Grammarly is the trusted AI assistant for communication and productivity, helping over 40 million people and 50,000 organizations do their best work. Companies like Atlassian, Databricks, and Zoom rely on Grammarly to brainstorm, compose, and enhance communication that moves work forward. Grammarly works where you work, integrating seamlessly with over 500,000 applications and websites.",US,https://yt3.ggpht.com/yuxLf3_zUv4L3U8YQoIH84DtgxtQdP5laOdantgogk6P7tKiNzFDA-JGYRk625usCHhpc5SlaDA=s800-c-k-c0x00ffffff-no-rj,236000,271
xDT4ujlwPv4,How Zapier Scales HR Impact with Coda and Grammarly,"Brandon Sammut, Chief People Officer at Zapier, shares how the company uses Coda and Grammarly to streamline communication, automate workflows, and scale the impact of HR initiatives. With trusted partners and integrated tools, Zapier empowers teams to move faster and work smarter.

Learn more at grammarly.com/enterprise",2025-07-16T16:37:48Z,zapier|communication|workflow|grammarly,27,en,en,https://i.ytimg.com/vi/xDT4ujlwPv4/default.jpg,https://i.ytimg.com/vi/xDT4ujlwPv4/hqdefault.jpg,PT1M30S,386,8,0,public,UCfmqLyr1PI3_zbwppHNEzuQ,Grammarly,"Grammarly is the trusted AI assistant for communication and productivity, helping over 40 million people and 50,000 organizations do their best work. Companies like Atlassian, Databricks, and Zoom rely on Grammarly to brainstorm, compose, and enhance communication that moves work forward. Grammarly works where you work, integrating seamlessly with over 500,000 applications and websites.",US,https://yt3.ggpht.com/yuxLf3_zUv4L3U8YQoIH84DtgxtQdP5laOdantgogk6P7tKiNzFDA-JGYRk625usCHhpc5SlaDA=s800-c-k-c0x00ffffff-no-rj,236000,271
RpZBJo1ckmw,"With Love, Grammarly","From love letters to work emails, Grammarly can help you express yourself more clearly and make you sound like you‚Äîor Edgar Allan Poe. / @EricJeng",2025-07-11T07:00:34Z,,27,en,en,https://i.ytimg.com/vi/RpZBJo1ckmw/default.jpg,https://i.ytimg.com/vi/RpZBJo1ckmw/hqdefault.jpg,PT52S,129150,165,0,public,UCfmqLyr1PI3_zbwppHNEzuQ,Grammarly,"Grammarly is the trusted AI assistant for communication and productivity, helping over 40 million people and 50,000 organizations do their best work. Companies like Atlassian, Databricks, and Zoom rely on Grammarly to brainstorm, compose, and enhance communication that moves work forward. Grammarly works where you work, integrating seamlessly with over 500,000 applications and websites.",US,https://yt3.ggpht.com/yuxLf3_zUv4L3U8YQoIH84DtgxtQdP5laOdantgogk6P7tKiNzFDA-JGYRk625usCHhpc5SlaDA=s800-c-k-c0x00ffffff-no-rj,236000,271
fruwHfVjWr0,Your must-need tool for school,"Identifying gaps, creating citations, or checking for plagiarism‚ÄîGrammarly does it all. So happy that we‚Äôre @Fayefilms‚Äô secret weapon.",2025-07-08T20:30:36Z,Grammarly|college life|school|study hacks,22,en,en,https://i.ytimg.com/vi/fruwHfVjWr0/default.jpg,https://i.ytimg.com/vi/fruwHfVjWr0/hqdefault.jpg,PT36S,1333,22,3,public,UCfmqLyr1PI3_zbwppHNEzuQ,Grammarly,"Grammarly is the trusted AI assistant for communication and productivity, helping over 40 million people and 50,000 organizations do their best work. Companies like Atlassian, Databricks, and Zoom rely on Grammarly to brainstorm, compose, and enhance communication that moves work forward. Grammarly works where you work, integrating seamlessly with over 500,000 applications and websites.",US,https://yt3.ggpht.com/yuxLf3_zUv4L3U8YQoIH84DtgxtQdP5laOdantgogk6P7tKiNzFDA-JGYRk625usCHhpc5SlaDA=s800-c-k-c0x00ffffff-no-rj,236000,271
c2WtIpgdELE,Cheat codes for your early career,"@courtney..johnson shares her top 3 cheat codes for your early career.
1. Work loudly! Your achievements deserve recognition‚Äîdon‚Äôt hide them!
2. Write like a peer, not an intern. No more ‚Äújust checking in‚Äù emails.
3. Ditch the corporate robot talk. Being concise is better than hitting word counts.
The best thing: Grammarly can help with all of the above!",2025-07-07T21:50:21Z,career tips|cheat codes|grammarly,27,en,en,https://i.ytimg.com/vi/c2WtIpgdELE/default.jpg,https://i.ytimg.com/vi/c2WtIpgdELE/hqdefault.jpg,PT41S,371,0,0,public,UCfmqLyr1PI3_zbwppHNEzuQ,Grammarly,"Grammarly is the trusted AI assistant for communication and productivity, helping over 40 million people and 50,000 organizations do their best work. Companies like Atlassian, Databricks, and Zoom rely on Grammarly to brainstorm, compose, and enhance communication that moves work forward. Grammarly works where you work, integrating seamlessly with over 500,000 applications and websites.",US,https://yt3.ggpht.com/yuxLf3_zUv4L3U8YQoIH84DtgxtQdP5laOdantgogk6P7tKiNzFDA-JGYRk625usCHhpc5SlaDA=s800-c-k-c0x00ffffff-no-rj,236000,271
G4dSAzJRdJI,Get that cover letter right,"Does your cover letter make you cringe? Not with Grammarly! We helped @belladane9, and we can help you too! Try Grammarly for free.",2025-07-02T22:01:16Z,,27,en,en,https://i.ytimg.com/vi/G4dSAzJRdJI/default.jpg,https://i.ytimg.com/vi/G4dSAzJRdJI/hqdefault.jpg,PT1M,395610,227,0,public,UCfmqLyr1PI3_zbwppHNEzuQ,Grammarly,"Grammarly is the trusted AI assistant for communication and productivity, helping over 40 million people and 50,000 organizations do their best work. Companies like Atlassian, Databricks, and Zoom rely on Grammarly to brainstorm, compose, and enhance communication that moves work forward. Grammarly works where you work, integrating seamlessly with over 500,000 applications and websites.",US,https://yt3.ggpht.com/yuxLf3_zUv4L3U8YQoIH84DtgxtQdP5laOdantgogk6P7tKiNzFDA-JGYRk625usCHhpc5SlaDA=s800-c-k-c0x00ffffff-no-rj,236000,271
l78y0Nq1zKc,Chaotic agenda? We got you,"Whether you‚Äôre running late, or drowning in meetings, we‚Äôve got your back. Try Grammarly and see how we can help you fight the chaos. / @briankearneyy",2025-07-01T15:50:43Z,,27,en,en,https://i.ytimg.com/vi/l78y0Nq1zKc/default.jpg,https://i.ytimg.com/vi/l78y0Nq1zKc/hqdefault.jpg,PT36S,901,2,0,public,UCfmqLyr1PI3_zbwppHNEzuQ,Grammarly,"Grammarly is the trusted AI assistant for communication and productivity, helping over 40 million people and 50,000 organizations do their best work. Companies like Atlassian, Databricks, and Zoom rely on Grammarly to brainstorm, compose, and enhance communication that moves work forward. Grammarly works where you work, integrating seamlessly with over 500,000 applications and websites.",US,https://yt3.ggpht.com/yuxLf3_zUv4L3U8YQoIH84DtgxtQdP5laOdantgogk6P7tKiNzFDA-JGYRk625usCHhpc5SlaDA=s800-c-k-c0x00ffffff-no-rj,236000,271
1sGEN6Vobc0,Job interviews done right,"When they ask you why you want a new job: Focus on the future, not the friction. Do it like @hannahgetshired and get free help from Grammarly!",2025-07-01T01:24:24Z,grammarly|lifehack|shorts|work|workhacks,22,en,en,https://i.ytimg.com/vi/1sGEN6Vobc0/default.jpg,https://i.ytimg.com/vi/1sGEN6Vobc0/hqdefault.jpg,PT59S,948,2,0,public,UCfmqLyr1PI3_zbwppHNEzuQ,Grammarly,"Grammarly is the trusted AI assistant for communication and productivity, helping over 40 million people and 50,000 organizations do their best work. Companies like Atlassian, Databricks, and Zoom rely on Grammarly to brainstorm, compose, and enhance communication that moves work forward. Grammarly works where you work, integrating seamlessly with over 500,000 applications and websites.",US,https://yt3.ggpht.com/yuxLf3_zUv4L3U8YQoIH84DtgxtQdP5laOdantgogk6P7tKiNzFDA-JGYRk625usCHhpc5SlaDA=s800-c-k-c0x00ffffff-no-rj,236000,271
yqZKi5y8JQQ,First day vs. three years on the job,Grammarly‚Äôs here to support‚Äîwhether you‚Äôre just starting your job or have been at it for years. @BusinessCasualty,2025-06-27T01:06:37Z,comedy|entertain|funny|shorts|skit,24,en,en,https://i.ytimg.com/vi/yqZKi5y8JQQ/default.jpg,https://i.ytimg.com/vi/yqZKi5y8JQQ/hqdefault.jpg,PT53S,1044,9,0,public,UCfmqLyr1PI3_zbwppHNEzuQ,Grammarly,"Grammarly is the trusted AI assistant for communication and productivity, helping over 40 million people and 50,000 organizations do their best work. Companies like Atlassian, Databricks, and Zoom rely on Grammarly to brainstorm, compose, and enhance communication that moves work forward. Grammarly works where you work, integrating seamlessly with over 500,000 applications and websites.",US,https://yt3.ggpht.com/yuxLf3_zUv4L3U8YQoIH84DtgxtQdP5laOdantgogk6P7tKiNzFDA-JGYRk625usCHhpc5SlaDA=s800-c-k-c0x00ffffff-no-rj,236000,271
DRxZyElXYeE,Prompts to Calm Your Mind,"Grammarly completes your project so you can catch your flight. Bon voyage, @alexonabudget!",2025-06-13T16:01:31Z,,22,en,en,https://i.ytimg.com/vi/DRxZyElXYeE/default.jpg,https://i.ytimg.com/vi/DRxZyElXYeE/hqdefault.jpg,PT37S,383,3,0,public,UCfmqLyr1PI3_zbwppHNEzuQ,Grammarly,"Grammarly is the trusted AI assistant for communication and productivity, helping over 40 million people and 50,000 organizations do their best work. Companies like Atlassian, Databricks, and Zoom rely on Grammarly to brainstorm, compose, and enhance communication that moves work forward. Grammarly works where you work, integrating seamlessly with over 500,000 applications and websites.",US,https://yt3.ggpht.com/yuxLf3_zUv4L3U8YQoIH84DtgxtQdP5laOdantgogk6P7tKiNzFDA-JGYRk625usCHhpc5SlaDA=s800-c-k-c0x00ffffff-no-rj,236000,271
iyTwKibn_ds,Work with less worry | Make your workday easier with Coda and Grammarly,"Gone are the days of using hundreds of apps at work. Grammarly's always been there to help you organize your sentences‚Äîand now that Coda is on our team, we can help you organize those apps, too.

Coda helps work and collaboration make sense. Its all-in-one platform blends the flexibility of docs, structure of spreadsheets, power of applications, and intelligence of Al to help you and your team stay organized. Plus, Coda lets you track projects and data together. Add connected tables to your project page to avoid copy-and-paste data redundancies and let your coworkers view data in their preferred way.

Grammarly takes the worry out of writing. It helps clarify sentences and improve your vocabulary, and offers personalized edits based on your audience and goals. Plus, it lets you benefit from Al. You can correct all writing mistakes without your fingers leaving the keyboard and instantly generate replies, lists of ideas, revisions, and more.

This is why forward-thinking organizations rely on Coda and Grammarly to get more done. To find out more, visit https://www.grammarly.com/grammarly-and-coda.",2025-05-23T22:38:48Z,,27,en,en,https://i.ytimg.com/vi/iyTwKibn_ds/default.jpg,https://i.ytimg.com/vi/iyTwKibn_ds/hqdefault.jpg,PT50S,2032,21,0,public,UCfmqLyr1PI3_zbwppHNEzuQ,Grammarly,"Grammarly is the trusted AI assistant for communication and productivity, helping over 40 million people and 50,000 organizations do their best work. Companies like Atlassian, Databricks, and Zoom rely on Grammarly to brainstorm, compose, and enhance communication that moves work forward. Grammarly works where you work, integrating seamlessly with over 500,000 applications and websites.",US,https://yt3.ggpht.com/yuxLf3_zUv4L3U8YQoIH84DtgxtQdP5laOdantgogk6P7tKiNzFDA-JGYRk625usCHhpc5SlaDA=s800-c-k-c0x00ffffff-no-rj,236000,271
hgIPxuhAAQI,Communicate Effectively Every Time | Do Your best Work With Grammarly,"Work runs on clear communication. And Grammarly helps you get it right. Download it now for free at https://gram.ly/4lPmUYZ. 

Whether you're writing to colleagues, clients, or stakeholders, Grammarly helps ensure your message is clear, professional, and impactful. With AI-powered suggestions, Grammarly helps you move quickly without sacrificing quality‚Äîso every email, report, and proposal reflects your best thinking.

With Grammarly, you can:
‚úÖ  Work efficiently with instant suggestions that improve clarity and tone in real time
 üéØ Communicate with precision and avoid miscommunication before it happens
 üß† Maintain high standards with writing that reflects your expertise and intent
 üìà Deliver impact by making sure your message is easy to understand and hard to ignore

So why wait? Be even more effective on the job with Grammarly. Get it now for free at https://gram.ly/4lPmUYZ.",2025-05-21T02:00:24Z,,27,en,en,https://i.ytimg.com/vi/hgIPxuhAAQI/default.jpg,https://i.ytimg.com/vi/hgIPxuhAAQI/hqdefault.jpg,PT1M32S,1796056,36,0,public,UCfmqLyr1PI3_zbwppHNEzuQ,Grammarly,"Grammarly is the trusted AI assistant for communication and productivity, helping over 40 million people and 50,000 organizations do their best work. Companies like Atlassian, Databricks, and Zoom rely on Grammarly to brainstorm, compose, and enhance communication that moves work forward. Grammarly works where you work, integrating seamlessly with over 500,000 applications and websites.",US,https://yt3.ggpht.com/yuxLf3_zUv4L3U8YQoIH84DtgxtQdP5laOdantgogk6P7tKiNzFDA-JGYRk625usCHhpc5SlaDA=s800-c-k-c0x00ffffff-no-rj,236000,271
55oIwErDr3I,Write With Clarity and Confidence | Do Your Best Work With Grammarly,"Work runs on clear communication. And Grammarly helps you get it right. Download it now for free at https://gram.ly/3YnRsHg. 

Whether you're writing to colleagues, clients, or stakeholders, Grammarly helps ensure your message is clear, professional, and impactful. With AI-powered suggestions, Grammarly helps you move quickly without sacrificing quality‚Äîso every email, report, and proposal reflects your best thinking.

With Grammarly, you can:
‚úÖ  Work efficiently with instant suggestions that improve clarity and tone in real time
 üéØ Communicate with precision and avoid miscommunication before it happens
 üß† Maintain high standards with writing that reflects your expertise and intent
 üìà Deliver impact by making sure your message is easy to understand and hard to ignore

So why wait? Be even more effective on the job with Grammarly. Get it now for free at https://gram.ly/3YnRsHg.",2025-04-30T23:19:29Z,,27,en,en,https://i.ytimg.com/vi/55oIwErDr3I/default.jpg,https://i.ytimg.com/vi/55oIwErDr3I/hqdefault.jpg,PT1M2S,7975471,163,0,public,UCfmqLyr1PI3_zbwppHNEzuQ,Grammarly,"Grammarly is the trusted AI assistant for communication and productivity, helping over 40 million people and 50,000 organizations do their best work. Companies like Atlassian, Databricks, and Zoom rely on Grammarly to brainstorm, compose, and enhance communication that moves work forward. Grammarly works where you work, integrating seamlessly with over 500,000 applications and websites.",US,https://yt3.ggpht.com/yuxLf3_zUv4L3U8YQoIH84DtgxtQdP5laOdantgogk6P7tKiNzFDA-JGYRk625usCHhpc5SlaDA=s800-c-k-c0x00ffffff-no-rj,236000,271
BI-UOyAZCY0,Submit High-Quality Work for School | Do Your Best Work With Grammarly,"Whatever the writing assignment, Grammarly helps you save time and do your best work. Download it now for free at https://gram.ly/435tC5P.

From brainstorming and outlining to final edits, Grammarly‚Äôs AI writing assistance supports you at every stage. It helps you organize your thoughts, refine your draft, and submit polished work that reflects your ideas.

With Grammarly, you can:
‚ú® Get started faster with help brainstorming ideas and building outlines
üìù Improve clarity and structure with real-time writing feedback
üìà Turn in stronger work and stay on track toward your academic goals
üîç Check for plagiarism and AI use to ensure your writing is original
üìö Cite sources instantly without switching tabs or apps

So why wait? Whether it‚Äôs a quick write-up or a research paper, Grammarly helps you turn in quality work with less stress‚Äîall while supporting academic integrity. Get it now for free at https://gram.ly/435tC5P.",2025-04-30T22:45:30Z,,27,en,en,https://i.ytimg.com/vi/BI-UOyAZCY0/default.jpg,https://i.ytimg.com/vi/BI-UOyAZCY0/hqdefault.jpg,PT1M35S,13258723,212,0,public,UCfmqLyr1PI3_zbwppHNEzuQ,Grammarly,"Grammarly is the trusted AI assistant for communication and productivity, helping over 40 million people and 50,000 organizations do their best work. Companies like Atlassian, Databricks, and Zoom rely on Grammarly to brainstorm, compose, and enhance communication that moves work forward. Grammarly works where you work, integrating seamlessly with over 500,000 applications and websites.",US,https://yt3.ggpht.com/yuxLf3_zUv4L3U8YQoIH84DtgxtQdP5laOdantgogk6P7tKiNzFDA-JGYRk625usCHhpc5SlaDA=s800-c-k-c0x00ffffff-no-rj,236000,271
