videoId,title,description,publishedAt,tags,categoryId,defaultLanguage,defaultAudioLanguage,thumbnails,duration,viewCount,likeCount,commentCount,privacyStatus,channel_id,channel_title,channel_description,channel_country,channel_thumbnail,subscriberCount,videoCount
4l97aNza_Zc,"Survive 30 Days Chained To Your Ex, Win $250,000","I can‚Äôt believe they chose to do that Sign up for Current üëâ  http://current.com/beast?utm_source=inf&utm_campaign=beast&utm_adgroup=Beast_2025-09-13&utm_creative=description with the code BEAST to get $1! Get paid faster, qualify for an advance up to $750, save smarter, and build credit all in one app. #CurrentPartner  Go find the NEW Feastables Chocolate Milk and Sour Strikes Gummies at a store near you üëâ https://fstbls.com/5mj6dv #FeastablesPartner  SUBSCRIBE OR I TAKE YOUR DOG ‚ïî‚ïê‚ï¶‚ïó‚ïî‚ï¶‚ïó‚ïî‚ïê‚ï¶‚ïê‚ï¶‚ï¶‚ï¶‚ï¶‚ïó‚ïî‚ïê‚ïó ‚ïë‚ïö‚ï£‚ïë‚ïë‚ïë‚ïö‚ï£‚ïö‚ï£‚ïî‚ï£‚ïî‚ï£‚ïë‚ïö‚ï£‚ïê‚ï£  ‚ï†‚ïó‚ïë‚ïö‚ïù‚ïë‚ïë‚ï†‚ïó‚ïë‚ïö‚ï£‚ïë‚ïë‚ïë‚ïë‚ïë‚ïê‚ï£ ‚ïö‚ïê‚ï©‚ïê‚ïê‚ï©‚ïê‚ï©‚ïê‚ï©‚ïê‚ï©‚ïù‚ïö‚ï©‚ïê‚ï©‚ïê‚ïù  For any questions or inquiries regarding this video, please reach out to chucky@mrbeastbusiness.com  Music Provided by https://www.extrememusic.com  ---------------------------------------------------------------- follow all of these or i will kick you ‚Ä¢ Facebook - https://www.facebook.com/MrBeast/ ‚Ä¢ Twitter - https://twitter.com/MrBeast ‚Ä¢  Instagram - https://www.instagram.com/mrbeast ‚Ä¢  Im Hiring! - https://www.mrbeastjobs.com/ --------------------------------------------------------------------  Current is a financial technology company, not an FDIC-insured bank. Banking services provided by Choice Bank and/or Cross River Bank, both FDIC insured. Terms and conditions apply. See https://current.com/legal_disclaimers for details.  #ad",2025-09-13T16:00:01Z,,24,en,en,https://i.ytimg.com/vi/4l97aNza_Zc/default.jpg,PT37M4S,65021390,2070189,30242,public,UCX6OQ3DkcsbYNE6H8uQQuVA,MrBeast,"SUBSCRIBE FOR A COOKIE! New MrBeast or MrBeast Gaming video every single Saturday at noon eastern time! Accomplishments: - Raised $20,000,000 To Plant 20,000,000 Trees - Removed 30,000,000 pounds of trash from the ocean - Helped 2,000 people walk again - Helped 1,000 blind people see - Helped 1,000 deaf people hear - Built wells in Africa - Built and gave away 100 houses - Adopted every dog in a shelter (twice) - Given millions to charity - Started my own snack company Feastables - Started my own software company Viewstats - Started Lunchly, a tasty, better-for-you lunch option - Gave away a private island (twice) - Gave away 1 million meals - I counted to 100k - Ran a marathon in the world's largest shoes - Survived 50 hours in Antarctica - Recreated Squid Game in real life - Created the largest competition show with 1000 people (Beast Games) - Gave $5,000,000 to one person - Passed T-Series to become most subscribed YouTube channel ü•π you get it, I appreciate all of you so much :) ",US,https://yt3.ggpht.com/nxYrc_1_2f77DoBadyxMTmv7ZpRZapHR5jbuYe7PlPd5cIRJxtNNEYyOC0ZsxaDyJJzXrnJiuDE=s88-c-k-c0x00ffffff-no-rj,435000000,899
3ih2bPKSWsQ,I Arrested IShowSpeed,,2025-09-12T17:00:01Z,,24,en,en,https://i.ytimg.com/vi/3ih2bPKSWsQ/default.jpg,PT35S,33187755,1154208,3512,public,UCX6OQ3DkcsbYNE6H8uQQuVA,MrBeast,"SUBSCRIBE FOR A COOKIE! New MrBeast or MrBeast Gaming video every single Saturday at noon eastern time! Accomplishments: - Raised $20,000,000 To Plant 20,000,000 Trees - Removed 30,000,000 pounds of trash from the ocean - Helped 2,000 people walk again - Helped 1,000 blind people see - Helped 1,000 deaf people hear - Built wells in Africa - Built and gave away 100 houses - Adopted every dog in a shelter (twice) - Given millions to charity - Started my own snack company Feastables - Started my own software company Viewstats - Started Lunchly, a tasty, better-for-you lunch option - Gave away a private island (twice) - Gave away 1 million meals - I counted to 100k - Ran a marathon in the world's largest shoes - Survived 50 hours in Antarctica - Recreated Squid Game in real life - Created the largest competition show with 1000 people (Beast Games) - Gave $5,000,000 to one person - Passed T-Series to become most subscribed YouTube channel ü•π you get it, I appreciate all of you so much :) ",US,https://yt3.ggpht.com/nxYrc_1_2f77DoBadyxMTmv7ZpRZapHR5jbuYe7PlPd5cIRJxtNNEYyOC0ZsxaDyJJzXrnJiuDE=s88-c-k-c0x00ffffff-no-rj,435000000,899
uA9Zcg3vHvo,I Raced IShowSpeed,"New Merch - https://mrbeast.store  Check out Viewstats! - https://www.viewstats.com/  SUBSCRIBE OR I TAKE YOUR DOG ‚ïî‚ïê‚ï¶‚ïó‚ïî‚ï¶‚ïó‚ïî‚ïê‚ï¶‚ïê‚ï¶‚ï¶‚ï¶‚ï¶‚ïó‚ïî‚ïê‚ïó ‚ïë‚ïö‚ï£‚ïë‚ïë‚ïë‚ïö‚ï£‚ïö‚ï£‚ïî‚ï£‚ïî‚ï£‚ïë‚ïö‚ï£‚ïê‚ï£  ‚ï†‚ïó‚ïë‚ïö‚ïù‚ïë‚ïë‚ï†‚ïó‚ïë‚ïö‚ï£‚ïë‚ïë‚ïë‚ïë‚ïë‚ïê‚ï£ ‚ïö‚ïê‚ï©‚ïê‚ïê‚ï©‚ïê‚ï©‚ïê‚ï©‚ïê‚ï©‚ïù‚ïö‚ï©‚ïê‚ï©‚ïê‚ïù  For any questions or inquiries regarding this video, please reach out to chucky@mrbeastbusiness.com  ---------------------------------------------------------------- follow all of these or i will kick you ‚Ä¢ Facebook - https://www.facebook.com/MrBeast/ ‚Ä¢ Twitter - https://twitter.com/MrBeast ‚Ä¢  Instagram - https://www.instagram.com/mrbeast ‚Ä¢  Im Hiring! - https://www.mrbeastjobs.com/ --------------------------------------------------------------------",2025-09-01T20:45:41Z,,24,en,en,https://i.ytimg.com/vi/uA9Zcg3vHvo/default.jpg,PT47S,263658473,5810838,7153,public,UCX6OQ3DkcsbYNE6H8uQQuVA,MrBeast,"SUBSCRIBE FOR A COOKIE! New MrBeast or MrBeast Gaming video every single Saturday at noon eastern time! Accomplishments: - Raised $20,000,000 To Plant 20,000,000 Trees - Removed 30,000,000 pounds of trash from the ocean - Helped 2,000 people walk again - Helped 1,000 blind people see - Helped 1,000 deaf people hear - Built wells in Africa - Built and gave away 100 houses - Adopted every dog in a shelter (twice) - Given millions to charity - Started my own snack company Feastables - Started my own software company Viewstats - Started Lunchly, a tasty, better-for-you lunch option - Gave away a private island (twice) - Gave away 1 million meals - I counted to 100k - Ran a marathon in the world's largest shoes - Survived 50 hours in Antarctica - Recreated Squid Game in real life - Created the largest competition show with 1000 people (Beast Games) - Gave $5,000,000 to one person - Passed T-Series to become most subscribed YouTube channel ü•π you get it, I appreciate all of you so much :) ",US,https://yt3.ggpht.com/nxYrc_1_2f77DoBadyxMTmv7ZpRZapHR5jbuYe7PlPd5cIRJxtNNEYyOC0ZsxaDyJJzXrnJiuDE=s88-c-k-c0x00ffffff-no-rj,435000000,899
_AbFXuGDRTs,"$1 vs $1,000,000,000 Nuclear Bunker!","Feastables Creamy Hazelnut Cups are available for a limited time at Five Below, Circle K, and Albertsons! Go get them while you can üëâüèº  https://fstbls.com/5mj6dv #feastablespartner #ad  MASSIVE SHOUT TO COLIN FURZE - https://www.youtube.com/@colinfurze  He was so kind to me when I visited and I‚Äôm very grateful for the time he gave me. Amazing guy  Special Thanks to the United States Department of Defense, the Government of Canada Department of National Defense, and the North American Aerospace Defense Command  SUBSCRIBE OR I TAKE YOUR DOG ‚ïî‚ïê‚ï¶‚ïó‚ïî‚ï¶‚ïó‚ïî‚ïê‚ï¶‚ïê‚ï¶‚ï¶‚ï¶‚ï¶‚ïó‚ïî‚ïê‚ïó ‚ïë‚ïö‚ï£‚ïë‚ïë‚ïë‚ïö‚ï£‚ïö‚ï£‚ïî‚ï£‚ïî‚ï£‚ïë‚ïö‚ï£‚ïê‚ï£  ‚ï†‚ïó‚ïë‚ïö‚ïù‚ïë‚ïë‚ï†‚ïó‚ïë‚ïö‚ï£‚ïë‚ïë‚ïë‚ïë‚ïë‚ïê‚ï£ ‚ïö‚ïê‚ï©‚ïê‚ïê‚ï©‚ïê‚ï©‚ïê‚ï©‚ïê‚ï©‚ïù‚ïö‚ï©‚ïê‚ï©‚ïê‚ïù  For any questions or inquiries regarding this video, please reach out to chucky@mrbeastbusiness.com  Music Provided by https://www.extrememusic.com  ---------------------------------------------------------------- follow all of these or i will kick you ‚Ä¢ Facebook - https://www.facebook.com/MrBeast/ ‚Ä¢ Twitter - https://twitter.com/MrBeast ‚Ä¢  Instagram - https://www.instagram.com/mrbeast ‚Ä¢  Im Hiring! - https://www.mrbeastjobs.com/ --------------------------------------------------------------------",2025-08-30T16:00:11Z,,24,en,en,https://i.ytimg.com/vi/_AbFXuGDRTs/default.jpg,PT17M18S,93776303,2363582,31946,public,UCX6OQ3DkcsbYNE6H8uQQuVA,MrBeast,"SUBSCRIBE FOR A COOKIE! New MrBeast or MrBeast Gaming video every single Saturday at noon eastern time! Accomplishments: - Raised $20,000,000 To Plant 20,000,000 Trees - Removed 30,000,000 pounds of trash from the ocean - Helped 2,000 people walk again - Helped 1,000 blind people see - Helped 1,000 deaf people hear - Built wells in Africa - Built and gave away 100 houses - Adopted every dog in a shelter (twice) - Given millions to charity - Started my own snack company Feastables - Started my own software company Viewstats - Started Lunchly, a tasty, better-for-you lunch option - Gave away a private island (twice) - Gave away 1 million meals - I counted to 100k - Ran a marathon in the world's largest shoes - Survived 50 hours in Antarctica - Recreated Squid Game in real life - Created the largest competition show with 1000 people (Beast Games) - Gave $5,000,000 to one person - Passed T-Series to become most subscribed YouTube channel ü•π you get it, I appreciate all of you so much :) ",US,https://yt3.ggpht.com/nxYrc_1_2f77DoBadyxMTmv7ZpRZapHR5jbuYe7PlPd5cIRJxtNNEYyOC0ZsxaDyJJzXrnJiuDE=s88-c-k-c0x00ffffff-no-rj,435000000,899
MOGW3v3pJ5Y,1 Subscriber = 1 Penny Donated,,2025-08-29T16:00:10Z,,24,en,en,https://i.ytimg.com/vi/MOGW3v3pJ5Y/default.jpg,PT18S,361012308,15154722,14350,public,UCX6OQ3DkcsbYNE6H8uQQuVA,MrBeast,"SUBSCRIBE FOR A COOKIE! New MrBeast or MrBeast Gaming video every single Saturday at noon eastern time! Accomplishments: - Raised $20,000,000 To Plant 20,000,000 Trees - Removed 30,000,000 pounds of trash from the ocean - Helped 2,000 people walk again - Helped 1,000 blind people see - Helped 1,000 deaf people hear - Built wells in Africa - Built and gave away 100 houses - Adopted every dog in a shelter (twice) - Given millions to charity - Started my own snack company Feastables - Started my own software company Viewstats - Started Lunchly, a tasty, better-for-you lunch option - Gave away a private island (twice) - Gave away 1 million meals - I counted to 100k - Ran a marathon in the world's largest shoes - Survived 50 hours in Antarctica - Recreated Squid Game in real life - Created the largest competition show with 1000 people (Beast Games) - Gave $5,000,000 to one person - Passed T-Series to become most subscribed YouTube channel ü•π you get it, I appreciate all of you so much :) ",US,https://yt3.ggpht.com/nxYrc_1_2f77DoBadyxMTmv7ZpRZapHR5jbuYe7PlPd5cIRJxtNNEYyOC0ZsxaDyJJzXrnJiuDE=s88-c-k-c0x00ffffff-no-rj,435000000,899
XNtTO_339kU,"Pick The Wrong Tube, Get Slimed",,2025-08-27T16:00:02Z,,24,en,en,https://i.ytimg.com/vi/XNtTO_339kU/default.jpg,PT36S,80419429,1822668,6289,public,UCX6OQ3DkcsbYNE6H8uQQuVA,MrBeast,"SUBSCRIBE FOR A COOKIE! New MrBeast or MrBeast Gaming video every single Saturday at noon eastern time! Accomplishments: - Raised $20,000,000 To Plant 20,000,000 Trees - Removed 30,000,000 pounds of trash from the ocean - Helped 2,000 people walk again - Helped 1,000 blind people see - Helped 1,000 deaf people hear - Built wells in Africa - Built and gave away 100 houses - Adopted every dog in a shelter (twice) - Given millions to charity - Started my own snack company Feastables - Started my own software company Viewstats - Started Lunchly, a tasty, better-for-you lunch option - Gave away a private island (twice) - Gave away 1 million meals - I counted to 100k - Ran a marathon in the world's largest shoes - Survived 50 hours in Antarctica - Recreated Squid Game in real life - Created the largest competition show with 1000 people (Beast Games) - Gave $5,000,000 to one person - Passed T-Series to become most subscribed YouTube channel ü•π you get it, I appreciate all of you so much :) ",US,https://yt3.ggpht.com/nxYrc_1_2f77DoBadyxMTmv7ZpRZapHR5jbuYe7PlPd5cIRJxtNNEYyOC0ZsxaDyJJzXrnJiuDE=s88-c-k-c0x00ffffff-no-rj,435000000,899
rB9NynBZ4go,Reaction Time Challenge,,2025-08-19T16:00:02Z,,24,en,en,https://i.ytimg.com/vi/rB9NynBZ4go/default.jpg,PT29S,92741223,1541269,10782,public,UCX6OQ3DkcsbYNE6H8uQQuVA,MrBeast,"SUBSCRIBE FOR A COOKIE! New MrBeast or MrBeast Gaming video every single Saturday at noon eastern time! Accomplishments: - Raised $20,000,000 To Plant 20,000,000 Trees - Removed 30,000,000 pounds of trash from the ocean - Helped 2,000 people walk again - Helped 1,000 blind people see - Helped 1,000 deaf people hear - Built wells in Africa - Built and gave away 100 houses - Adopted every dog in a shelter (twice) - Given millions to charity - Started my own snack company Feastables - Started my own software company Viewstats - Started Lunchly, a tasty, better-for-you lunch option - Gave away a private island (twice) - Gave away 1 million meals - I counted to 100k - Ran a marathon in the world's largest shoes - Survived 50 hours in Antarctica - Recreated Squid Game in real life - Created the largest competition show with 1000 people (Beast Games) - Gave $5,000,000 to one person - Passed T-Series to become most subscribed YouTube channel ü•π you get it, I appreciate all of you so much :) ",US,https://yt3.ggpht.com/nxYrc_1_2f77DoBadyxMTmv7ZpRZapHR5jbuYe7PlPd5cIRJxtNNEYyOC0ZsxaDyJJzXrnJiuDE=s88-c-k-c0x00ffffff-no-rj,435000000,899
TDv56whosPQ,"Survive 100 Days In Prison, Win $500,000","I did not expect them to do that lol Get your hands on the new MrBeast Lab Hybrids here: https://www.moosetoys.com/brands/mr-beast-lab #ad #MooseToysPartner   New Merch - https://mrbeast.store  Check out Viewstats! - https://www.viewstats.com/  SUBSCRIBE OR I TAKE YOUR DOG ‚ïî‚ïê‚ï¶‚ïó‚ïî‚ï¶‚ïó‚ïî‚ïê‚ï¶‚ïê‚ï¶‚ï¶‚ï¶‚ï¶‚ïó‚ïî‚ïê‚ïó ‚ïë‚ïö‚ï£‚ïë‚ïë‚ïë‚ïö‚ï£‚ïö‚ï£‚ïî‚ï£‚ïî‚ï£‚ïë‚ïö‚ï£‚ïê‚ï£  ‚ï†‚ïó‚ïë‚ïö‚ïù‚ïë‚ïë‚ï†‚ïó‚ïë‚ïö‚ï£‚ïë‚ïë‚ïë‚ïë‚ïë‚ïê‚ï£ ‚ïö‚ïê‚ï©‚ïê‚ïê‚ï©‚ïê‚ï©‚ïê‚ï©‚ïê‚ï©‚ïù‚ïö‚ï©‚ïê‚ï©‚ïê‚ïù  For any questions or inquiries regarding this video, please reach out to chucky@mrbeastbusiness.com  Music Provided by https://www.extrememusic.com  ---------------------------------------------------------------- follow all of these or i will kick you ‚Ä¢ Facebook - https://www.facebook.com/MrBeast/ ‚Ä¢ Twitter - https://twitter.com/MrBeast ‚Ä¢  Instagram - https://www.instagram.com/mrbeast ‚Ä¢  Im Hiring! - https://www.mrbeastjobs.com/ --------------------------------------------------------------------",2025-08-16T19:00:02Z,,24,en,en,https://i.ytimg.com/vi/TDv56whosPQ/default.jpg,PT39M36S,108042010,2729785,38753,public,UCX6OQ3DkcsbYNE6H8uQQuVA,MrBeast,"SUBSCRIBE FOR A COOKIE! New MrBeast or MrBeast Gaming video every single Saturday at noon eastern time! Accomplishments: - Raised $20,000,000 To Plant 20,000,000 Trees - Removed 30,000,000 pounds of trash from the ocean - Helped 2,000 people walk again - Helped 1,000 blind people see - Helped 1,000 deaf people hear - Built wells in Africa - Built and gave away 100 houses - Adopted every dog in a shelter (twice) - Given millions to charity - Started my own snack company Feastables - Started my own software company Viewstats - Started Lunchly, a tasty, better-for-you lunch option - Gave away a private island (twice) - Gave away 1 million meals - I counted to 100k - Ran a marathon in the world's largest shoes - Survived 50 hours in Antarctica - Recreated Squid Game in real life - Created the largest competition show with 1000 people (Beast Games) - Gave $5,000,000 to one person - Passed T-Series to become most subscribed YouTube channel ü•π you get it, I appreciate all of you so much :) ",US,https://yt3.ggpht.com/nxYrc_1_2f77DoBadyxMTmv7ZpRZapHR5jbuYe7PlPd5cIRJxtNNEYyOC0ZsxaDyJJzXrnJiuDE=s88-c-k-c0x00ffffff-no-rj,435000000,899
R_BmT1OJw98,Every YouTube Play Button I Have,,2025-08-15T16:00:01Z,,24,en,en,https://i.ytimg.com/vi/R_BmT1OJw98/default.jpg,PT15S,67858051,1764354,11039,public,UCX6OQ3DkcsbYNE6H8uQQuVA,MrBeast,"SUBSCRIBE FOR A COOKIE! New MrBeast or MrBeast Gaming video every single Saturday at noon eastern time! Accomplishments: - Raised $20,000,000 To Plant 20,000,000 Trees - Removed 30,000,000 pounds of trash from the ocean - Helped 2,000 people walk again - Helped 1,000 blind people see - Helped 1,000 deaf people hear - Built wells in Africa - Built and gave away 100 houses - Adopted every dog in a shelter (twice) - Given millions to charity - Started my own snack company Feastables - Started my own software company Viewstats - Started Lunchly, a tasty, better-for-you lunch option - Gave away a private island (twice) - Gave away 1 million meals - I counted to 100k - Ran a marathon in the world's largest shoes - Survived 50 hours in Antarctica - Recreated Squid Game in real life - Created the largest competition show with 1000 people (Beast Games) - Gave $5,000,000 to one person - Passed T-Series to become most subscribed YouTube channel ü•π you get it, I appreciate all of you so much :) ",US,https://yt3.ggpht.com/nxYrc_1_2f77DoBadyxMTmv7ZpRZapHR5jbuYe7PlPd5cIRJxtNNEYyOC0ZsxaDyJJzXrnJiuDE=s88-c-k-c0x00ffffff-no-rj,435000000,899
vpRW4JhzfSE,1 Subscriber = 1 Second In The Arctic,,2025-08-08T16:00:02Z,,24,en,en,https://i.ytimg.com/vi/vpRW4JhzfSE/default.jpg,PT17S,56162867,2059285,9698,public,UCX6OQ3DkcsbYNE6H8uQQuVA,MrBeast,"SUBSCRIBE FOR A COOKIE! New MrBeast or MrBeast Gaming video every single Saturday at noon eastern time! Accomplishments: - Raised $20,000,000 To Plant 20,000,000 Trees - Removed 30,000,000 pounds of trash from the ocean - Helped 2,000 people walk again - Helped 1,000 blind people see - Helped 1,000 deaf people hear - Built wells in Africa - Built and gave away 100 houses - Adopted every dog in a shelter (twice) - Given millions to charity - Started my own snack company Feastables - Started my own software company Viewstats - Started Lunchly, a tasty, better-for-you lunch option - Gave away a private island (twice) - Gave away 1 million meals - I counted to 100k - Ran a marathon in the world's largest shoes - Survived 50 hours in Antarctica - Recreated Squid Game in real life - Created the largest competition show with 1000 people (Beast Games) - Gave $5,000,000 to one person - Passed T-Series to become most subscribed YouTube channel ü•π you get it, I appreciate all of you so much :) ",US,https://yt3.ggpht.com/nxYrc_1_2f77DoBadyxMTmv7ZpRZapHR5jbuYe7PlPd5cIRJxtNNEYyOC0ZsxaDyJJzXrnJiuDE=s88-c-k-c0x00ffffff-no-rj,435000000,899
qXW93Cois2s,Guess What Hit You,,2025-08-05T16:00:01Z,,24,en,en,https://i.ytimg.com/vi/qXW93Cois2s/default.jpg,PT32S,55163787,1012363,5205,public,UCX6OQ3DkcsbYNE6H8uQQuVA,MrBeast,"SUBSCRIBE FOR A COOKIE! New MrBeast or MrBeast Gaming video every single Saturday at noon eastern time! Accomplishments: - Raised $20,000,000 To Plant 20,000,000 Trees - Removed 30,000,000 pounds of trash from the ocean - Helped 2,000 people walk again - Helped 1,000 blind people see - Helped 1,000 deaf people hear - Built wells in Africa - Built and gave away 100 houses - Adopted every dog in a shelter (twice) - Given millions to charity - Started my own snack company Feastables - Started my own software company Viewstats - Started Lunchly, a tasty, better-for-you lunch option - Gave away a private island (twice) - Gave away 1 million meals - I counted to 100k - Ran a marathon in the world's largest shoes - Survived 50 hours in Antarctica - Recreated Squid Game in real life - Created the largest competition show with 1000 people (Beast Games) - Gave $5,000,000 to one person - Passed T-Series to become most subscribed YouTube channel ü•π you get it, I appreciate all of you so much :) ",US,https://yt3.ggpht.com/nxYrc_1_2f77DoBadyxMTmv7ZpRZapHR5jbuYe7PlPd5cIRJxtNNEYyOC0ZsxaDyJJzXrnJiuDE=s88-c-k-c0x00ffffff-no-rj,435000000,899
r7f0L48dHpc,$1  = One Year of Clean Water,,2025-08-02T16:00:02Z,,24,en,en,https://i.ytimg.com/vi/r7f0L48dHpc/default.jpg,PT32S,106304257,3378437,14248,public,UCX6OQ3DkcsbYNE6H8uQQuVA,MrBeast,"SUBSCRIBE FOR A COOKIE! New MrBeast or MrBeast Gaming video every single Saturday at noon eastern time! Accomplishments: - Raised $20,000,000 To Plant 20,000,000 Trees - Removed 30,000,000 pounds of trash from the ocean - Helped 2,000 people walk again - Helped 1,000 blind people see - Helped 1,000 deaf people hear - Built wells in Africa - Built and gave away 100 houses - Adopted every dog in a shelter (twice) - Given millions to charity - Started my own snack company Feastables - Started my own software company Viewstats - Started Lunchly, a tasty, better-for-you lunch option - Gave away a private island (twice) - Gave away 1 million meals - I counted to 100k - Ran a marathon in the world's largest shoes - Survived 50 hours in Antarctica - Recreated Squid Game in real life - Created the largest competition show with 1000 people (Beast Games) - Gave $5,000,000 to one person - Passed T-Series to become most subscribed YouTube channel ü•π you get it, I appreciate all of you so much :) ",US,https://yt3.ggpht.com/nxYrc_1_2f77DoBadyxMTmv7ZpRZapHR5jbuYe7PlPd5cIRJxtNNEYyOC0ZsxaDyJJzXrnJiuDE=s88-c-k-c0x00ffffff-no-rj,435000000,899
Z4hVGCWH1Kc,"2,000,000 People Get Clean Water For The First Time!","$1 will provide 1 person with clean water for a year Thanks to Shopify for supporting our mission to raise $40,000,000 for clean water for 2,000,000 people. Go to https://teamwater.org to donate today!  Thank you to YouTube for matching the next $2,000,000 in donations!  Get your TeamWater merch here https://mrbeast.store/pages/team-water 100% of profits go directly to #TeamWater  SUBSCRIBE OR I TAKE YOUR DOG ‚ïî‚ïê‚ï¶‚ïó‚ïî‚ï¶‚ïó‚ïî‚ïê‚ï¶‚ïê‚ï¶‚ï¶‚ï¶‚ï¶‚ïó‚ïî‚ïê‚ïó ‚ïë‚ïö‚ï£‚ïë‚ïë‚ïë‚ïö‚ï£‚ïö‚ï£‚ïî‚ï£‚ïî‚ï£‚ïë‚ïö‚ï£‚ïê‚ï£  ‚ï†‚ïó‚ïë‚ïö‚ïù‚ïë‚ïë‚ï†‚ïó‚ïë‚ïö‚ï£‚ïë‚ïë‚ïë‚ïë‚ïë‚ïê‚ï£ ‚ïö‚ïê‚ï©‚ïê‚ïê‚ï©‚ïê‚ï©‚ïê‚ï©‚ïê‚ï©‚ïù‚ïö‚ï©‚ïê‚ï©‚ïê‚ïù  For any questions or inquiries regarding this video, please reach out to chucky@mrbeastbusiness.com  Music Provided by https://www.extrememusic.com  ---------------------------------------------------------------- follow all of these or i will kick you ‚Ä¢ Facebook - https://www.facebook.com/MrBeast/ ‚Ä¢ Twitter - https://twitter.com/MrBeast ‚Ä¢  Instagram - https://www.instagram.com/mrbeast ‚Ä¢  Im Hiring! - https://www.mrbeastjobs.com/ --------------------------------------------------------------------",2025-08-01T16:00:01Z,,24,en,en,https://i.ytimg.com/vi/Z4hVGCWH1Kc/default.jpg,PT10M20S,68725474,2259662,42916,public,UCX6OQ3DkcsbYNE6H8uQQuVA,MrBeast,"SUBSCRIBE FOR A COOKIE! New MrBeast or MrBeast Gaming video every single Saturday at noon eastern time! Accomplishments: - Raised $20,000,000 To Plant 20,000,000 Trees - Removed 30,000,000 pounds of trash from the ocean - Helped 2,000 people walk again - Helped 1,000 blind people see - Helped 1,000 deaf people hear - Built wells in Africa - Built and gave away 100 houses - Adopted every dog in a shelter (twice) - Given millions to charity - Started my own snack company Feastables - Started my own software company Viewstats - Started Lunchly, a tasty, better-for-you lunch option - Gave away a private island (twice) - Gave away 1 million meals - I counted to 100k - Ran a marathon in the world's largest shoes - Survived 50 hours in Antarctica - Recreated Squid Game in real life - Created the largest competition show with 1000 people (Beast Games) - Gave $5,000,000 to one person - Passed T-Series to become most subscribed YouTube channel ü•π you get it, I appreciate all of you so much :) ",US,https://yt3.ggpht.com/nxYrc_1_2f77DoBadyxMTmv7ZpRZapHR5jbuYe7PlPd5cIRJxtNNEYyOC0ZsxaDyJJzXrnJiuDE=s88-c-k-c0x00ffffff-no-rj,435000000,899
zxuICI0kL3s,"Don‚Äôt Turn Around, Win $10k",,2025-07-31T16:00:01Z,,24,en,en,https://i.ytimg.com/vi/zxuICI0kL3s/default.jpg,PT31S,268802898,5366749,7219,public,UCX6OQ3DkcsbYNE6H8uQQuVA,MrBeast,"SUBSCRIBE FOR A COOKIE! New MrBeast or MrBeast Gaming video every single Saturday at noon eastern time! Accomplishments: - Raised $20,000,000 To Plant 20,000,000 Trees - Removed 30,000,000 pounds of trash from the ocean - Helped 2,000 people walk again - Helped 1,000 blind people see - Helped 1,000 deaf people hear - Built wells in Africa - Built and gave away 100 houses - Adopted every dog in a shelter (twice) - Given millions to charity - Started my own snack company Feastables - Started my own software company Viewstats - Started Lunchly, a tasty, better-for-you lunch option - Gave away a private island (twice) - Gave away 1 million meals - I counted to 100k - Ran a marathon in the world's largest shoes - Survived 50 hours in Antarctica - Recreated Squid Game in real life - Created the largest competition show with 1000 people (Beast Games) - Gave $5,000,000 to one person - Passed T-Series to become most subscribed YouTube channel ü•π you get it, I appreciate all of you so much :) ",US,https://yt3.ggpht.com/nxYrc_1_2f77DoBadyxMTmv7ZpRZapHR5jbuYe7PlPd5cIRJxtNNEYyOC0ZsxaDyJJzXrnJiuDE=s88-c-k-c0x00ffffff-no-rj,435000000,899
R1SFXJo-FlE,Subscribe To Explode The TNT,,2025-07-29T16:00:01Z,,24,en,en,https://i.ytimg.com/vi/R1SFXJo-FlE/default.jpg,PT19S,80539284,2497207,9664,public,UCX6OQ3DkcsbYNE6H8uQQuVA,MrBeast,"SUBSCRIBE FOR A COOKIE! New MrBeast or MrBeast Gaming video every single Saturday at noon eastern time! Accomplishments: - Raised $20,000,000 To Plant 20,000,000 Trees - Removed 30,000,000 pounds of trash from the ocean - Helped 2,000 people walk again - Helped 1,000 blind people see - Helped 1,000 deaf people hear - Built wells in Africa - Built and gave away 100 houses - Adopted every dog in a shelter (twice) - Given millions to charity - Started my own snack company Feastables - Started my own software company Viewstats - Started Lunchly, a tasty, better-for-you lunch option - Gave away a private island (twice) - Gave away 1 million meals - I counted to 100k - Ran a marathon in the world's largest shoes - Survived 50 hours in Antarctica - Recreated Squid Game in real life - Created the largest competition show with 1000 people (Beast Games) - Gave $5,000,000 to one person - Passed T-Series to become most subscribed YouTube channel ü•π you get it, I appreciate all of you so much :) ",US,https://yt3.ggpht.com/nxYrc_1_2f77DoBadyxMTmv7ZpRZapHR5jbuYe7PlPd5cIRJxtNNEYyOC0ZsxaDyJJzXrnJiuDE=s88-c-k-c0x00ffffff-no-rj,435000000,899
lQz5aqjZ3lQ,"Find This Briefcase, Win $10,000",,2025-07-25T16:00:02Z,,24,en,en,https://i.ytimg.com/vi/lQz5aqjZ3lQ/default.jpg,PT1M7S,166556684,4623982,13149,public,UCX6OQ3DkcsbYNE6H8uQQuVA,MrBeast,"SUBSCRIBE FOR A COOKIE! New MrBeast or MrBeast Gaming video every single Saturday at noon eastern time! Accomplishments: - Raised $20,000,000 To Plant 20,000,000 Trees - Removed 30,000,000 pounds of trash from the ocean - Helped 2,000 people walk again - Helped 1,000 blind people see - Helped 1,000 deaf people hear - Built wells in Africa - Built and gave away 100 houses - Adopted every dog in a shelter (twice) - Given millions to charity - Started my own snack company Feastables - Started my own software company Viewstats - Started Lunchly, a tasty, better-for-you lunch option - Gave away a private island (twice) - Gave away 1 million meals - I counted to 100k - Ran a marathon in the world's largest shoes - Survived 50 hours in Antarctica - Recreated Squid Game in real life - Created the largest competition show with 1000 people (Beast Games) - Gave $5,000,000 to one person - Passed T-Series to become most subscribed YouTube channel ü•π you get it, I appreciate all of you so much :) ",US,https://yt3.ggpht.com/nxYrc_1_2f77DoBadyxMTmv7ZpRZapHR5jbuYe7PlPd5cIRJxtNNEYyOC0ZsxaDyJJzXrnJiuDE=s88-c-k-c0x00ffffff-no-rj,435000000,899
EiFcNbXBqeo,Jet Engine vs Human for $10k,,2025-07-20T16:00:01Z,,24,en,en,https://i.ytimg.com/vi/EiFcNbXBqeo/default.jpg,PT24S,119245702,1945350,6117,public,UCX6OQ3DkcsbYNE6H8uQQuVA,MrBeast,"SUBSCRIBE FOR A COOKIE! New MrBeast or MrBeast Gaming video every single Saturday at noon eastern time! Accomplishments: - Raised $20,000,000 To Plant 20,000,000 Trees - Removed 30,000,000 pounds of trash from the ocean - Helped 2,000 people walk again - Helped 1,000 blind people see - Helped 1,000 deaf people hear - Built wells in Africa - Built and gave away 100 houses - Adopted every dog in a shelter (twice) - Given millions to charity - Started my own snack company Feastables - Started my own software company Viewstats - Started Lunchly, a tasty, better-for-you lunch option - Gave away a private island (twice) - Gave away 1 million meals - I counted to 100k - Ran a marathon in the world's largest shoes - Survived 50 hours in Antarctica - Recreated Squid Game in real life - Created the largest competition show with 1000 people (Beast Games) - Gave $5,000,000 to one person - Passed T-Series to become most subscribed YouTube channel ü•π you get it, I appreciate all of you so much :) ",US,https://yt3.ggpht.com/nxYrc_1_2f77DoBadyxMTmv7ZpRZapHR5jbuYe7PlPd5cIRJxtNNEYyOC0ZsxaDyJJzXrnJiuDE=s88-c-k-c0x00ffffff-no-rj,435000000,899
pzBi1nwDn8U,"Survive 100 Days Trapped In A Private Jet, Keep It","Spending that much time in a jet is crazy 10 people will win $10,000 thanks to DoorDash. Enter promo code JET on any grocery, convenience or retail to get $10 off your order AND to enter for a chance to win $10K: https://bit.ly/44GtE3z #doordashpartner #ad  To help offset the carbon emissions from the jet, we planted thousands of trees and are working with the Arbor Day Foundation to support certified carbon removal projects that restore forests and remove CO‚ÇÇ from the atmosphere.  Due to airport security, Dashers delivered this and all subsequent orders to a MrBeast crew member who then brought items to the pilot.  With DashPass, enjoy $0 delivery fees and lower service fees on eligible orders. Terms apply.  New Merch - https://mrbeast.store  Check out Viewstats! - https://www.viewstats.com/  SUBSCRIBE OR I TAKE YOUR DOG ‚ïî‚ïê‚ï¶‚ïó‚ïî‚ï¶‚ïó‚ïî‚ïê‚ï¶‚ïê‚ï¶‚ï¶‚ï¶‚ï¶‚ïó‚ïî‚ïê‚ïó ‚ïë‚ïö‚ï£‚ïë‚ïë‚ïë‚ïö‚ï£‚ïö‚ï£‚ïî‚ï£‚ïî‚ï£‚ïë‚ïö‚ï£‚ïê‚ï£  ‚ï†‚ïó‚ïë‚ïö‚ïù‚ïë‚ïë‚ï†‚ïó‚ïë‚ïö‚ï£‚ïë‚ïë‚ïë‚ïë‚ïë‚ïê‚ï£ ‚ïö‚ïê‚ï©‚ïê‚ïê‚ï©‚ïê‚ï©‚ïê‚ï©‚ïê‚ï©‚ïù‚ïö‚ï©‚ïê‚ï©‚ïê‚ïù  For any questions or inquiries regarding this video, please reach out to chucky@mrbeastbusiness.com  Music Provided by https://www.extrememusic.com  ---------------------------------------------------------------- follow all of these or i will kick you ‚Ä¢ Facebook - https://www.facebook.com/MrBeast/ ‚Ä¢ Twitter - https://twitter.com/MrBeast ‚Ä¢  Instagram - https://www.instagram.com/mrbeast ‚Ä¢  Im Hiring! - https://www.mrbeastjobs.com/ -------------------------------------------------------------------- Terms & Conditions: NO PURCHASE NECESSARY. Purchase will not increase your chances of winning. Sweepstakes ends 11:59 PM PT on 07/27/25. Open to legal US residents, 18+, who have an active, valid DoorDash account. See Official Rules (https://bit.ly/4nYqvoO) for complete details on how to enter, eligibility requirements, free method of entry, odds of winning, prize description, and limitations. Void where prohibited. Sponsor: DoorDash, Inc.  Promo offer valid through 11:59PM PT on 07/27/25 on orders placed at participating grocery, convenience, or retail merchants on the DoorDash app or website. Valid only in the United States. Valid only on orders with a minimum subtotal of $20, excluding fees and taxes. Maximum value of discount is $10. Discount applies to subtotal only; does not apply to fees, taxes, and gratuity. If the full $10 value is not used on a single order, the remaining value will be forfeited. Not valid for pickup. Limit one per person. Not valid for the purchase of alcohol. Fees, taxes, and gratuity still apply. Use promo code JET at checkout to redeem. See further terms and conditions at https://drd.sh/8ONpZP/.",2025-07-19T16:00:01Z,,24,en,en,https://i.ytimg.com/vi/pzBi1nwDn8U/default.jpg,PT33M3S,129988757,3347750,45820,public,UCX6OQ3DkcsbYNE6H8uQQuVA,MrBeast,"SUBSCRIBE FOR A COOKIE! New MrBeast or MrBeast Gaming video every single Saturday at noon eastern time! Accomplishments: - Raised $20,000,000 To Plant 20,000,000 Trees - Removed 30,000,000 pounds of trash from the ocean - Helped 2,000 people walk again - Helped 1,000 blind people see - Helped 1,000 deaf people hear - Built wells in Africa - Built and gave away 100 houses - Adopted every dog in a shelter (twice) - Given millions to charity - Started my own snack company Feastables - Started my own software company Viewstats - Started Lunchly, a tasty, better-for-you lunch option - Gave away a private island (twice) - Gave away 1 million meals - I counted to 100k - Ran a marathon in the world's largest shoes - Survived 50 hours in Antarctica - Recreated Squid Game in real life - Created the largest competition show with 1000 people (Beast Games) - Gave $5,000,000 to one person - Passed T-Series to become most subscribed YouTube channel ü•π you get it, I appreciate all of you so much :) ",US,https://yt3.ggpht.com/nxYrc_1_2f77DoBadyxMTmv7ZpRZapHR5jbuYe7PlPd5cIRJxtNNEYyOC0ZsxaDyJJzXrnJiuDE=s88-c-k-c0x00ffffff-no-rj,435000000,899
R7oW0LwS_e4,I Met Neymar,,2025-07-11T16:15:07Z,,24,en,en,https://i.ytimg.com/vi/R7oW0LwS_e4/default.jpg,PT10S,90901655,1581388,14610,public,UCX6OQ3DkcsbYNE6H8uQQuVA,MrBeast,"SUBSCRIBE FOR A COOKIE! New MrBeast or MrBeast Gaming video every single Saturday at noon eastern time! Accomplishments: - Raised $20,000,000 To Plant 20,000,000 Trees - Removed 30,000,000 pounds of trash from the ocean - Helped 2,000 people walk again - Helped 1,000 blind people see - Helped 1,000 deaf people hear - Built wells in Africa - Built and gave away 100 houses - Adopted every dog in a shelter (twice) - Given millions to charity - Started my own snack company Feastables - Started my own software company Viewstats - Started Lunchly, a tasty, better-for-you lunch option - Gave away a private island (twice) - Gave away 1 million meals - I counted to 100k - Ran a marathon in the world's largest shoes - Survived 50 hours in Antarctica - Recreated Squid Game in real life - Created the largest competition show with 1000 people (Beast Games) - Gave $5,000,000 to one person - Passed T-Series to become most subscribed YouTube channel ü•π you get it, I appreciate all of you so much :) ",US,https://yt3.ggpht.com/nxYrc_1_2f77DoBadyxMTmv7ZpRZapHR5jbuYe7PlPd5cIRJxtNNEYyOC0ZsxaDyJJzXrnJiuDE=s88-c-k-c0x00ffffff-no-rj,435000000,899
BfKI_TQnQvo,I Raced A Cheetah,,2025-07-06T16:00:01Z,,24,en,en,https://i.ytimg.com/vi/BfKI_TQnQvo/default.jpg,PT20S,118066244,2844252,12672,public,UCX6OQ3DkcsbYNE6H8uQQuVA,MrBeast,"SUBSCRIBE FOR A COOKIE! New MrBeast or MrBeast Gaming video every single Saturday at noon eastern time! Accomplishments: - Raised $20,000,000 To Plant 20,000,000 Trees - Removed 30,000,000 pounds of trash from the ocean - Helped 2,000 people walk again - Helped 1,000 blind people see - Helped 1,000 deaf people hear - Built wells in Africa - Built and gave away 100 houses - Adopted every dog in a shelter (twice) - Given millions to charity - Started my own snack company Feastables - Started my own software company Viewstats - Started Lunchly, a tasty, better-for-you lunch option - Gave away a private island (twice) - Gave away 1 million meals - I counted to 100k - Ran a marathon in the world's largest shoes - Survived 50 hours in Antarctica - Recreated Squid Game in real life - Created the largest competition show with 1000 people (Beast Games) - Gave $5,000,000 to one person - Passed T-Series to become most subscribed YouTube channel ü•π you get it, I appreciate all of you so much :) ",US,https://yt3.ggpht.com/nxYrc_1_2f77DoBadyxMTmv7ZpRZapHR5jbuYe7PlPd5cIRJxtNNEYyOC0ZsxaDyJJzXrnJiuDE=s88-c-k-c0x00ffffff-no-rj,435000000,899
FWAdfuPpLOc,World's Fastest Car Vs Cheetah!,"I still can't believe we got all these animals for this  Check out the latest Lenovo Legion Pro 7i with Intel¬Æ Core‚Ñ¢ Ultra 9 Processor: https://www.lenovo.com/legion?cid=ww:display:334qnx #LenovoParter #ad   The Cheetah is the most critically endangered cat in Africa and it is facing a #RaceforSurvival. You can help it win that race, find out more and donate here https://bit.ly/MrBeastCheetahsRaceforSurvival  51"" Inch Max Vertical (World Record) by Darius Clark (Credit: Dunkademics): https://youtu.be/m1Rgq65Okks  New Merch - https://mrbeast.store Check out Viewstats! - https://www.viewstats.com/ SUBSCRIBE OR I TAKE YOUR DOG ‚ïî‚ïê‚ï¶‚ïó‚ïî‚ï¶‚ïó‚ïî‚ïê‚ï¶‚ïê‚ï¶‚ï¶‚ï¶‚ï¶‚ïó‚ïî‚ïê‚ïó ‚ïë‚ïö‚ï£‚ïë‚ïë‚ïë‚ïö‚ï£‚ïö‚ï£‚ïî‚ï£‚ïî‚ï£‚ïë‚ïö‚ï£‚ïê‚ï£ ‚ï†‚ïó‚ïë‚ïö‚ïù‚ïë‚ïë‚ï†‚ïó‚ïë‚ïö‚ï£‚ïë‚ïë‚ïë‚ïë‚ïë‚ïê‚ï£ ‚ïö‚ïê‚ï©‚ïê‚ïê‚ï©‚ïê‚ï©‚ïê‚ï©‚ïê‚ï©‚ïù‚ïö‚ï©‚ïê‚ï©‚ïê‚ïù For any questions or inquiries regarding this video, please reach out to chucky@mrbeastbusiness.com ---------------------------------------------------------------- follow all of these or i will kick you ‚Ä¢ Facebook - https://www.facebook.com/MrBeast/ ‚Ä¢ Twitter - https://twitter.com/MrBeast ‚Ä¢  Instagram - https://www.instagram.com/mrbeast ‚Ä¢  Im Hiring! - https://www.mrbeastjobs.com/ --------------------------------------------------------------------",2025-07-05T16:00:01Z,,24,en,en,https://i.ytimg.com/vi/FWAdfuPpLOc/default.jpg,PT20M37S,162203440,3222644,44582,public,UCX6OQ3DkcsbYNE6H8uQQuVA,MrBeast,"SUBSCRIBE FOR A COOKIE! New MrBeast or MrBeast Gaming video every single Saturday at noon eastern time! Accomplishments: - Raised $20,000,000 To Plant 20,000,000 Trees - Removed 30,000,000 pounds of trash from the ocean - Helped 2,000 people walk again - Helped 1,000 blind people see - Helped 1,000 deaf people hear - Built wells in Africa - Built and gave away 100 houses - Adopted every dog in a shelter (twice) - Given millions to charity - Started my own snack company Feastables - Started my own software company Viewstats - Started Lunchly, a tasty, better-for-you lunch option - Gave away a private island (twice) - Gave away 1 million meals - I counted to 100k - Ran a marathon in the world's largest shoes - Survived 50 hours in Antarctica - Recreated Squid Game in real life - Created the largest competition show with 1000 people (Beast Games) - Gave $5,000,000 to one person - Passed T-Series to become most subscribed YouTube channel ü•π you get it, I appreciate all of you so much :) ",US,https://yt3.ggpht.com/nxYrc_1_2f77DoBadyxMTmv7ZpRZapHR5jbuYe7PlPd5cIRJxtNNEYyOC0ZsxaDyJJzXrnJiuDE=s88-c-k-c0x00ffffff-no-rj,435000000,899
NjlP2_l1Wr0,"You Lose, You Get Shot",,2025-06-30T16:00:08Z,,24,en,en,https://i.ytimg.com/vi/NjlP2_l1Wr0/default.jpg,PT36S,91983244,1548816,6306,public,UCX6OQ3DkcsbYNE6H8uQQuVA,MrBeast,"SUBSCRIBE FOR A COOKIE! New MrBeast or MrBeast Gaming video every single Saturday at noon eastern time! Accomplishments: - Raised $20,000,000 To Plant 20,000,000 Trees - Removed 30,000,000 pounds of trash from the ocean - Helped 2,000 people walk again - Helped 1,000 blind people see - Helped 1,000 deaf people hear - Built wells in Africa - Built and gave away 100 houses - Adopted every dog in a shelter (twice) - Given millions to charity - Started my own snack company Feastables - Started my own software company Viewstats - Started Lunchly, a tasty, better-for-you lunch option - Gave away a private island (twice) - Gave away 1 million meals - I counted to 100k - Ran a marathon in the world's largest shoes - Survived 50 hours in Antarctica - Recreated Squid Game in real life - Created the largest competition show with 1000 people (Beast Games) - Gave $5,000,000 to one person - Passed T-Series to become most subscribed YouTube channel ü•π you get it, I appreciate all of you so much :) ",US,https://yt3.ggpht.com/nxYrc_1_2f77DoBadyxMTmv7ZpRZapHR5jbuYe7PlPd5cIRJxtNNEYyOC0ZsxaDyJJzXrnJiuDE=s88-c-k-c0x00ffffff-no-rj,435000000,899
gGcaGdHlt60,"If You Spill, You Lose!",Huge thanks to @NASCAR  for letting us use their race track!,2025-06-25T17:00:08Z,,24,en,en,https://i.ytimg.com/vi/gGcaGdHlt60/default.jpg,PT19S,358447784,3382190,7087,public,UCX6OQ3DkcsbYNE6H8uQQuVA,MrBeast,"SUBSCRIBE FOR A COOKIE! New MrBeast or MrBeast Gaming video every single Saturday at noon eastern time! Accomplishments: - Raised $20,000,000 To Plant 20,000,000 Trees - Removed 30,000,000 pounds of trash from the ocean - Helped 2,000 people walk again - Helped 1,000 blind people see - Helped 1,000 deaf people hear - Built wells in Africa - Built and gave away 100 houses - Adopted every dog in a shelter (twice) - Given millions to charity - Started my own snack company Feastables - Started my own software company Viewstats - Started Lunchly, a tasty, better-for-you lunch option - Gave away a private island (twice) - Gave away 1 million meals - I counted to 100k - Ran a marathon in the world's largest shoes - Survived 50 hours in Antarctica - Recreated Squid Game in real life - Created the largest competition show with 1000 people (Beast Games) - Gave $5,000,000 to one person - Passed T-Series to become most subscribed YouTube channel ü•π you get it, I appreciate all of you so much :) ",US,https://yt3.ggpht.com/nxYrc_1_2f77DoBadyxMTmv7ZpRZapHR5jbuYe7PlPd5cIRJxtNNEYyOC0ZsxaDyJJzXrnJiuDE=s88-c-k-c0x00ffffff-no-rj,435000000,899
pe_ejTiIcSs,"Lose 100 LBs, Win $250,000!","Go start the business you‚Äôve been dreaming of and visit https://www.Shopify.com/MrBeast to start your trial now. #ad #shopify   **In Loving Memory of Coach Tyler Wall**  It is with profound sadness that we share the unexpected passing of Coach Tyler Wall. Coach Wall was a remarkable individual whose kindness and genuine spirit touched all who knew him. His loss has left our hearts heavy with grief.  Following this tragic news, we reached out to Coach Wall‚Äôs family to determine whether this video should be shared. With grace and wisdom, they expressed that Tyler would have wanted his message of hope and positivity to continue reaching others, even in his absence.  We humbly ask that you honor Coach Wall‚Äôs memory and respect his family‚Äôs need for privacy during this difficult time.  Coach Tyler Wall‚Äôs legacy of compassion and encouragement will live on in the hearts of all who were fortunate enough to know him.   New Merch - https://mrbeast.store  Check out Viewstats! - https://www.viewstats.com/  SUBSCRIBE OR I TAKE YOUR DOG ‚ïî‚ïê‚ï¶‚ïó‚ïî‚ï¶‚ïó‚ïî‚ïê‚ï¶‚ïê‚ï¶‚ï¶‚ï¶‚ï¶‚ïó‚ïî‚ïê‚ïó ‚ïë‚ïö‚ï£‚ïë‚ïë‚ïë‚ïö‚ï£‚ïö‚ï£‚ïî‚ï£‚ïî‚ï£‚ïë‚ïö‚ï£‚ïê‚ï£  ‚ï†‚ïó‚ïë‚ïö‚ïù‚ïë‚ïë‚ï†‚ïó‚ïë‚ïö‚ï£‚ïë‚ïë‚ïë‚ïë‚ïë‚ïê‚ï£ ‚ïö‚ïê‚ï©‚ïê‚ïê‚ï©‚ïê‚ï©‚ïê‚ï©‚ïê‚ï©‚ïù‚ïö‚ï©‚ïê‚ï©‚ïê‚ïù  For any questions or inquiries regarding this video, please reach out to chucky@mrbeastbusiness.com  Music Provided by https://www.extrememusic.com  ---------------------------------------------------------------- follow all of these or i will kick you ‚Ä¢ Facebook - https://www.facebook.com/MrBeast/ ‚Ä¢ Twitter - https://twitter.com/MrBeast ‚Ä¢  Instagram - https://www.instagram.com/mrbeast ‚Ä¢  Im Hiring! - https://www.mrbeastjobs.com/ --------------------------------------------------------------------",2025-06-21T16:00:01Z,,24,en,en,https://i.ytimg.com/vi/pe_ejTiIcSs/default.jpg,PT36M50S,195545960,6284544,103441,public,UCX6OQ3DkcsbYNE6H8uQQuVA,MrBeast,"SUBSCRIBE FOR A COOKIE! New MrBeast or MrBeast Gaming video every single Saturday at noon eastern time! Accomplishments: - Raised $20,000,000 To Plant 20,000,000 Trees - Removed 30,000,000 pounds of trash from the ocean - Helped 2,000 people walk again - Helped 1,000 blind people see - Helped 1,000 deaf people hear - Built wells in Africa - Built and gave away 100 houses - Adopted every dog in a shelter (twice) - Given millions to charity - Started my own snack company Feastables - Started my own software company Viewstats - Started Lunchly, a tasty, better-for-you lunch option - Gave away a private island (twice) - Gave away 1 million meals - I counted to 100k - Ran a marathon in the world's largest shoes - Survived 50 hours in Antarctica - Recreated Squid Game in real life - Created the largest competition show with 1000 people (Beast Games) - Gave $5,000,000 to one person - Passed T-Series to become most subscribed YouTube channel ü•π you get it, I appreciate all of you so much :) ",US,https://yt3.ggpht.com/nxYrc_1_2f77DoBadyxMTmv7ZpRZapHR5jbuYe7PlPd5cIRJxtNNEYyOC0ZsxaDyJJzXrnJiuDE=s88-c-k-c0x00ffffff-no-rj,435000000,899
V6In4tmd-w8,"$1 vs $25,000 VFX","Huge thanks to every VFX artist that made this happen!  $1 - @HelloXRyan  $1,000 - @scottconveryvfx  $10,000 - @krimium.  $25,000 - @heyBrandonB   All renders were done without the use of AI, go check them out!",2025-06-19T17:00:41Z,,24,en,en,https://i.ytimg.com/vi/V6In4tmd-w8/default.jpg,PT23S,82105782,2098894,11814,public,UCX6OQ3DkcsbYNE6H8uQQuVA,MrBeast,"SUBSCRIBE FOR A COOKIE! New MrBeast or MrBeast Gaming video every single Saturday at noon eastern time! Accomplishments: - Raised $20,000,000 To Plant 20,000,000 Trees - Removed 30,000,000 pounds of trash from the ocean - Helped 2,000 people walk again - Helped 1,000 blind people see - Helped 1,000 deaf people hear - Built wells in Africa - Built and gave away 100 houses - Adopted every dog in a shelter (twice) - Given millions to charity - Started my own snack company Feastables - Started my own software company Viewstats - Started Lunchly, a tasty, better-for-you lunch option - Gave away a private island (twice) - Gave away 1 million meals - I counted to 100k - Ran a marathon in the world's largest shoes - Survived 50 hours in Antarctica - Recreated Squid Game in real life - Created the largest competition show with 1000 people (Beast Games) - Gave $5,000,000 to one person - Passed T-Series to become most subscribed YouTube channel ü•π you get it, I appreciate all of you so much :) ",US,https://yt3.ggpht.com/nxYrc_1_2f77DoBadyxMTmv7ZpRZapHR5jbuYe7PlPd5cIRJxtNNEYyOC0ZsxaDyJJzXrnJiuDE=s88-c-k-c0x00ffffff-no-rj,435000000,899
ZGvn9ywXjpY,Feastables vs Reese‚Äôs Taste Test with @gordonramsay,,2025-06-10T16:00:02Z,,24,en,en,https://i.ytimg.com/vi/ZGvn9ywXjpY/default.jpg,PT33S,253471727,5050139,12269,public,UCX6OQ3DkcsbYNE6H8uQQuVA,MrBeast,"SUBSCRIBE FOR A COOKIE! New MrBeast or MrBeast Gaming video every single Saturday at noon eastern time! Accomplishments: - Raised $20,000,000 To Plant 20,000,000 Trees - Removed 30,000,000 pounds of trash from the ocean - Helped 2,000 people walk again - Helped 1,000 blind people see - Helped 1,000 deaf people hear - Built wells in Africa - Built and gave away 100 houses - Adopted every dog in a shelter (twice) - Given millions to charity - Started my own snack company Feastables - Started my own software company Viewstats - Started Lunchly, a tasty, better-for-you lunch option - Gave away a private island (twice) - Gave away 1 million meals - I counted to 100k - Ran a marathon in the world's largest shoes - Survived 50 hours in Antarctica - Recreated Squid Game in real life - Created the largest competition show with 1000 people (Beast Games) - Gave $5,000,000 to one person - Passed T-Series to become most subscribed YouTube channel ü•π you get it, I appreciate all of you so much :) ",US,https://yt3.ggpht.com/nxYrc_1_2f77DoBadyxMTmv7ZpRZapHR5jbuYe7PlPd5cIRJxtNNEYyOC0ZsxaDyJJzXrnJiuDE=s88-c-k-c0x00ffffff-no-rj,435000000,899
hTSaweR8qMI,"$1 vs $500,000 Date","Experiencing all of this was incredible Buy Feastables! It tastes amazing and it's ethically sourced üëâ https://fstbls.com/5mj6dv #ad #feastablespartner   New Merch - https://mrbeast.store  Check out Viewstats! - https://www.viewstats.com/  SUBSCRIBE OR I TAKE YOUR DOG ‚ïî‚ïê‚ï¶‚ïó‚ïî‚ï¶‚ïó‚ïî‚ïê‚ï¶‚ïê‚ï¶‚ï¶‚ï¶‚ï¶‚ïó‚ïî‚ïê‚ïó ‚ïë‚ïö‚ï£‚ïë‚ïë‚ïë‚ïö‚ï£‚ïö‚ï£‚ïî‚ï£‚ïî‚ï£‚ïë‚ïö‚ï£‚ïê‚ï£  ‚ï†‚ïó‚ïë‚ïö‚ïù‚ïë‚ïë‚ï†‚ïó‚ïë‚ïö‚ï£‚ïë‚ïë‚ïë‚ïë‚ïë‚ïê‚ï£ ‚ïö‚ïê‚ï©‚ïê‚ïê‚ï©‚ïê‚ï©‚ïê‚ï©‚ïê‚ï©‚ïù‚ïö‚ï©‚ïê‚ï©‚ïê‚ïù  For any questions or inquiries regarding this video, please reach out to chucky@mrbeastbusiness.com  Major League Baseball footage and trademarks used with permission of Major League Baseball. All rights reserved.  ---------------------------------------------------------------- follow all of these or i will kick you ‚Ä¢ Facebook - https://www.facebook.com/MrBeast/ ‚Ä¢ Twitter - https://twitter.com/MrBeast ‚Ä¢  Instagram - https://www.instagram.com/mrbeast ‚Ä¢  Im Hiring! - https://www.mrbeastjobs.com/ --------------------------------------------------------------------",2025-06-07T16:00:00Z,,24,en,en,https://i.ytimg.com/vi/hTSaweR8qMI/default.jpg,PT17M22S,135948641,3272883,59294,public,UCX6OQ3DkcsbYNE6H8uQQuVA,MrBeast,"SUBSCRIBE FOR A COOKIE! New MrBeast or MrBeast Gaming video every single Saturday at noon eastern time! Accomplishments: - Raised $20,000,000 To Plant 20,000,000 Trees - Removed 30,000,000 pounds of trash from the ocean - Helped 2,000 people walk again - Helped 1,000 blind people see - Helped 1,000 deaf people hear - Built wells in Africa - Built and gave away 100 houses - Adopted every dog in a shelter (twice) - Given millions to charity - Started my own snack company Feastables - Started my own software company Viewstats - Started Lunchly, a tasty, better-for-you lunch option - Gave away a private island (twice) - Gave away 1 million meals - I counted to 100k - Ran a marathon in the world's largest shoes - Survived 50 hours in Antarctica - Recreated Squid Game in real life - Created the largest competition show with 1000 people (Beast Games) - Gave $5,000,000 to one person - Passed T-Series to become most subscribed YouTube channel ü•π you get it, I appreciate all of you so much :) ",US,https://yt3.ggpht.com/nxYrc_1_2f77DoBadyxMTmv7ZpRZapHR5jbuYe7PlPd5cIRJxtNNEYyOC0ZsxaDyJJzXrnJiuDE=s88-c-k-c0x00ffffff-no-rj,435000000,899
KCRLP-zBacU,Can I Teach a Penguin To Subscribe?,,2025-05-31T16:10:27Z,,24,en,en,https://i.ytimg.com/vi/KCRLP-zBacU/default.jpg,PT9S,221431388,5997148,16869,public,UCX6OQ3DkcsbYNE6H8uQQuVA,MrBeast,"SUBSCRIBE FOR A COOKIE! New MrBeast or MrBeast Gaming video every single Saturday at noon eastern time! Accomplishments: - Raised $20,000,000 To Plant 20,000,000 Trees - Removed 30,000,000 pounds of trash from the ocean - Helped 2,000 people walk again - Helped 1,000 blind people see - Helped 1,000 deaf people hear - Built wells in Africa - Built and gave away 100 houses - Adopted every dog in a shelter (twice) - Given millions to charity - Started my own snack company Feastables - Started my own software company Viewstats - Started Lunchly, a tasty, better-for-you lunch option - Gave away a private island (twice) - Gave away 1 million meals - I counted to 100k - Ran a marathon in the world's largest shoes - Survived 50 hours in Antarctica - Recreated Squid Game in real life - Created the largest competition show with 1000 people (Beast Games) - Gave $5,000,000 to one person - Passed T-Series to become most subscribed YouTube channel ü•π you get it, I appreciate all of you so much :) ",US,https://yt3.ggpht.com/nxYrc_1_2f77DoBadyxMTmv7ZpRZapHR5jbuYe7PlPd5cIRJxtNNEYyOC0ZsxaDyJJzXrnJiuDE=s88-c-k-c0x00ffffff-no-rj,435000000,899
c2ukL_zjFCk,Extreme Helmet Game,,2025-05-28T16:00:19Z,,24,en,en,https://i.ytimg.com/vi/c2ukL_zjFCk/default.jpg,PT32S,170915181,3231994,6746,public,UCX6OQ3DkcsbYNE6H8uQQuVA,MrBeast,"SUBSCRIBE FOR A COOKIE! New MrBeast or MrBeast Gaming video every single Saturday at noon eastern time! Accomplishments: - Raised $20,000,000 To Plant 20,000,000 Trees - Removed 30,000,000 pounds of trash from the ocean - Helped 2,000 people walk again - Helped 1,000 blind people see - Helped 1,000 deaf people hear - Built wells in Africa - Built and gave away 100 houses - Adopted every dog in a shelter (twice) - Given millions to charity - Started my own snack company Feastables - Started my own software company Viewstats - Started Lunchly, a tasty, better-for-you lunch option - Gave away a private island (twice) - Gave away 1 million meals - I counted to 100k - Ran a marathon in the world's largest shoes - Survived 50 hours in Antarctica - Recreated Squid Game in real life - Created the largest competition show with 1000 people (Beast Games) - Gave $5,000,000 to one person - Passed T-Series to become most subscribed YouTube channel ü•π you get it, I appreciate all of you so much :) ",US,https://yt3.ggpht.com/nxYrc_1_2f77DoBadyxMTmv7ZpRZapHR5jbuYe7PlPd5cIRJxtNNEYyOC0ZsxaDyJJzXrnJiuDE=s88-c-k-c0x00ffffff-no-rj,435000000,899
DZIASl9q90s,"Beat Neymar, Win $500,000","The amount of skill in this video is insane If you wanna score tons of Magenta Status perks and benefits like Aaron Judge and MrBeast, just for being a T-Mobile member, check out https://T-Mobile.com/Status #ad #tmobilepartner   New Merch - https://mrbeast.store  Check out Viewstats! - https://www.viewstats.com/  SUBSCRIBE OR I TAKE YOUR DOG ‚ïî‚ïê‚ï¶‚ïó‚ïî‚ï¶‚ïó‚ïî‚ïê‚ï¶‚ïê‚ï¶‚ï¶‚ï¶‚ï¶‚ïó‚ïî‚ïê‚ïó ‚ïë‚ïö‚ï£‚ïë‚ïë‚ïë‚ïö‚ï£‚ïö‚ï£‚ïî‚ï£‚ïî‚ï£‚ïë‚ïö‚ï£‚ïê‚ï£  ‚ï†‚ïó‚ïë‚ïö‚ïù‚ïë‚ïë‚ï†‚ïó‚ïë‚ïö‚ï£‚ïë‚ïë‚ïë‚ïë‚ïë‚ïê‚ï£ ‚ïö‚ïê‚ï©‚ïê‚ïê‚ï©‚ïê‚ï©‚ïê‚ï©‚ïê‚ï©‚ïù‚ïö‚ï©‚ïê‚ï©‚ïê‚ïù  For any questions or inquiries regarding this video, please reach out to chucky@mrbeastbusiness.com  Major League Baseball footage and trademarks used with permission of Major League Baseball. All rights reserved.  Music Provided by https://www.extrememusic.com  ---------------------------------------------------------------- follow all of these or i will kick you ‚Ä¢ Facebook - https://www.facebook.com/MrBeast/ ‚Ä¢ Twitter - https://twitter.com/MrBeast ‚Ä¢  Instagram - https://www.instagram.com/mrbeast ‚Ä¢  Im Hiring! - https://www.mrbeastjobs.com/ --------------------------------------------------------------------",2025-05-24T16:00:01Z,,24,en,en,https://i.ytimg.com/vi/DZIASl9q90s/default.jpg,PT27M53S,152857905,3500204,80818,public,UCX6OQ3DkcsbYNE6H8uQQuVA,MrBeast,"SUBSCRIBE FOR A COOKIE! New MrBeast or MrBeast Gaming video every single Saturday at noon eastern time! Accomplishments: - Raised $20,000,000 To Plant 20,000,000 Trees - Removed 30,000,000 pounds of trash from the ocean - Helped 2,000 people walk again - Helped 1,000 blind people see - Helped 1,000 deaf people hear - Built wells in Africa - Built and gave away 100 houses - Adopted every dog in a shelter (twice) - Given millions to charity - Started my own snack company Feastables - Started my own software company Viewstats - Started Lunchly, a tasty, better-for-you lunch option - Gave away a private island (twice) - Gave away 1 million meals - I counted to 100k - Ran a marathon in the world's largest shoes - Survived 50 hours in Antarctica - Recreated Squid Game in real life - Created the largest competition show with 1000 people (Beast Games) - Gave $5,000,000 to one person - Passed T-Series to become most subscribed YouTube channel ü•π you get it, I appreciate all of you so much :) ",US,https://yt3.ggpht.com/nxYrc_1_2f77DoBadyxMTmv7ZpRZapHR5jbuYe7PlPd5cIRJxtNNEYyOC0ZsxaDyJJzXrnJiuDE=s88-c-k-c0x00ffffff-no-rj,435000000,899
7qY-qalCI2Y,"Grab The Rolex, Keep It!",,2025-05-21T15:59:50Z,,24,en,en,https://i.ytimg.com/vi/7qY-qalCI2Y/default.jpg,PT23S,184921712,2844255,8760,public,UCX6OQ3DkcsbYNE6H8uQQuVA,MrBeast,"SUBSCRIBE FOR A COOKIE! New MrBeast or MrBeast Gaming video every single Saturday at noon eastern time! Accomplishments: - Raised $20,000,000 To Plant 20,000,000 Trees - Removed 30,000,000 pounds of trash from the ocean - Helped 2,000 people walk again - Helped 1,000 blind people see - Helped 1,000 deaf people hear - Built wells in Africa - Built and gave away 100 houses - Adopted every dog in a shelter (twice) - Given millions to charity - Started my own snack company Feastables - Started my own software company Viewstats - Started Lunchly, a tasty, better-for-you lunch option - Gave away a private island (twice) - Gave away 1 million meals - I counted to 100k - Ran a marathon in the world's largest shoes - Survived 50 hours in Antarctica - Recreated Squid Game in real life - Created the largest competition show with 1000 people (Beast Games) - Gave $5,000,000 to one person - Passed T-Series to become most subscribed YouTube channel ü•π you get it, I appreciate all of you so much :) ",US,https://yt3.ggpht.com/nxYrc_1_2f77DoBadyxMTmv7ZpRZapHR5jbuYe7PlPd5cIRJxtNNEYyOC0ZsxaDyJJzXrnJiuDE=s88-c-k-c0x00ffffff-no-rj,435000000,899
N0pwLtonPdg,Slippery vs Sticky Stairs,,2025-05-16T16:00:01Z,,24,en,en,https://i.ytimg.com/vi/N0pwLtonPdg/default.jpg,PT36S,683646391,7580928,22675,public,UCX6OQ3DkcsbYNE6H8uQQuVA,MrBeast,"SUBSCRIBE FOR A COOKIE! New MrBeast or MrBeast Gaming video every single Saturday at noon eastern time! Accomplishments: - Raised $20,000,000 To Plant 20,000,000 Trees - Removed 30,000,000 pounds of trash from the ocean - Helped 2,000 people walk again - Helped 1,000 blind people see - Helped 1,000 deaf people hear - Built wells in Africa - Built and gave away 100 houses - Adopted every dog in a shelter (twice) - Given millions to charity - Started my own snack company Feastables - Started my own software company Viewstats - Started Lunchly, a tasty, better-for-you lunch option - Gave away a private island (twice) - Gave away 1 million meals - I counted to 100k - Ran a marathon in the world's largest shoes - Survived 50 hours in Antarctica - Recreated Squid Game in real life - Created the largest competition show with 1000 people (Beast Games) - Gave $5,000,000 to one person - Passed T-Series to become most subscribed YouTube channel ü•π you get it, I appreciate all of you so much :) ",US,https://yt3.ggpht.com/nxYrc_1_2f77DoBadyxMTmv7ZpRZapHR5jbuYe7PlPd5cIRJxtNNEYyOC0ZsxaDyJJzXrnJiuDE=s88-c-k-c0x00ffffff-no-rj,435000000,899
-4GmbBoYQjE,I Survived 100 Hours In An Ancient Temple,"I can‚Äôt believe I got to do this HUGE thanks to @jacklinks for making this happen, without them we can‚Äôt give away this money. Visit the link to buy Jack Link‚Äôs DUOS now: https://bit.ly/4ipfWae #ad #jacklinks   Find our new Feastables Peanut Butter Cups in every Target, Walmart, and 7-Eleven across America üëâüèªhttps://fstbls.com/5mj6dv #feastablespartner   Filmed in Mexico in collaboration with the Mexican Tourism Board https://visitmexico.com/  Thanks to the INAH, National Institute of Anthropology and History Zona Arqueol√≥gica de Calakmul, Balancanche y Chich√©n Itz√° MEXICO. ""Reproducci√≥n Autorizada por el Instituto Nacional de Antropolog√≠a e Historia""  Special Thanks to: The governor of Campeche Layda Sansores The national secretary of tourism Josefina Rodriguez  New Merch - https://mrbeast.store  Check out Viewstats! - https://www.viewstats.com/  SUBSCRIBE OR I TAKE YOUR DOG ‚ïî‚ïê‚ï¶‚ïó‚ïî‚ï¶‚ïó‚ïî‚ïê‚ï¶‚ïê‚ï¶‚ï¶‚ï¶‚ï¶‚ïó‚ïî‚ïê‚ïó ‚ïë‚ïö‚ï£‚ïë‚ïë‚ïë‚ïö‚ï£‚ïö‚ï£‚ïî‚ï£‚ïî‚ï£‚ïë‚ïö‚ï£‚ïê‚ï£  ‚ï†‚ïó‚ïë‚ïö‚ïù‚ïë‚ïë‚ï†‚ïó‚ïë‚ïö‚ï£‚ïë‚ïë‚ïë‚ïë‚ïë‚ïê‚ï£ ‚ïö‚ïê‚ï©‚ïê‚ïê‚ï©‚ïê‚ï©‚ïê‚ï©‚ïê‚ï©‚ïù‚ïö‚ï©‚ïê‚ï©‚ïê‚ïù  For any questions or inquiries regarding this video, please reach out to chucky@mrbeastbusiness.com  Music Provided by https://www.extrememusic.com  ---------------------------------------------------------------- follow all of these or i will kick you ‚Ä¢ Facebook - https://www.facebook.com/MrBeast/ ‚Ä¢ Twitter - https://twitter.com/MrBeast ‚Ä¢  Instagram - https://www.instagram.com/mrbeast ‚Ä¢  Im Hiring! - https://www.mrbeastjobs.com/ --------------------------------------------------------------------",2025-05-10T16:00:01Z,,24,en,en,https://i.ytimg.com/vi/-4GmbBoYQjE/default.jpg,PT15M46S,114976909,2877597,77704,public,UCX6OQ3DkcsbYNE6H8uQQuVA,MrBeast,"SUBSCRIBE FOR A COOKIE! New MrBeast or MrBeast Gaming video every single Saturday at noon eastern time! Accomplishments: - Raised $20,000,000 To Plant 20,000,000 Trees - Removed 30,000,000 pounds of trash from the ocean - Helped 2,000 people walk again - Helped 1,000 blind people see - Helped 1,000 deaf people hear - Built wells in Africa - Built and gave away 100 houses - Adopted every dog in a shelter (twice) - Given millions to charity - Started my own snack company Feastables - Started my own software company Viewstats - Started Lunchly, a tasty, better-for-you lunch option - Gave away a private island (twice) - Gave away 1 million meals - I counted to 100k - Ran a marathon in the world's largest shoes - Survived 50 hours in Antarctica - Recreated Squid Game in real life - Created the largest competition show with 1000 people (Beast Games) - Gave $5,000,000 to one person - Passed T-Series to become most subscribed YouTube channel ü•π you get it, I appreciate all of you so much :) ",US,https://yt3.ggpht.com/nxYrc_1_2f77DoBadyxMTmv7ZpRZapHR5jbuYe7PlPd5cIRJxtNNEYyOC0ZsxaDyJJzXrnJiuDE=s88-c-k-c0x00ffffff-no-rj,435000000,899
0yPgljFcTR4,"Subscribe to Win $50,000","Thanks to Jack Link's Jerky for helping me give away $500,000!  New subscribers only will receive an entry for a chance to win by subscribing to the MrBeast YouTube channel by 11:59 p.m. ET on May 21, 2025. In order for Sponsor to contact the winners, you are only eligible to win if your YouTube account is set to public and includes a valid email address during the Sweepstakes Period and through prize notification. No purchase necessary. Must be 18+. Full rules at https://bit.ly/MrB27YT",2025-05-07T16:00:01Z,,24,en,en,https://i.ytimg.com/vi/0yPgljFcTR4/default.jpg,PT15S,66890597,3926896,141360,public,UCX6OQ3DkcsbYNE6H8uQQuVA,MrBeast,"SUBSCRIBE FOR A COOKIE! New MrBeast or MrBeast Gaming video every single Saturday at noon eastern time! Accomplishments: - Raised $20,000,000 To Plant 20,000,000 Trees - Removed 30,000,000 pounds of trash from the ocean - Helped 2,000 people walk again - Helped 1,000 blind people see - Helped 1,000 deaf people hear - Built wells in Africa - Built and gave away 100 houses - Adopted every dog in a shelter (twice) - Given millions to charity - Started my own snack company Feastables - Started my own software company Viewstats - Started Lunchly, a tasty, better-for-you lunch option - Gave away a private island (twice) - Gave away 1 million meals - I counted to 100k - Ran a marathon in the world's largest shoes - Survived 50 hours in Antarctica - Recreated Squid Game in real life - Created the largest competition show with 1000 people (Beast Games) - Gave $5,000,000 to one person - Passed T-Series to become most subscribed YouTube channel ü•π you get it, I appreciate all of you so much :) ",US,https://yt3.ggpht.com/nxYrc_1_2f77DoBadyxMTmv7ZpRZapHR5jbuYe7PlPd5cIRJxtNNEYyOC0ZsxaDyJJzXrnJiuDE=s88-c-k-c0x00ffffff-no-rj,435000000,899
TN1wErFGTzM,"Find This Key, Win $10,000","Shop Mother‚Äôs Day flowers on DoorDash now: https://bit.ly/4jEjOFf Thank you @doordash for teaming up to help recognize Moms for Mother‚Äôs Day.  #DoorDashPartner  Official Rules: No Purchase Necessary. 50 US/DC, 18+. Ends 11:59PM PT on 05/11/2025. Official Rules at https://bit.ly/42wEB8b",2025-05-05T16:00:00Z,,24,en,en,https://i.ytimg.com/vi/TN1wErFGTzM/default.jpg,PT39S,47675888,1470922,6280,public,UCX6OQ3DkcsbYNE6H8uQQuVA,MrBeast,"SUBSCRIBE FOR A COOKIE! New MrBeast or MrBeast Gaming video every single Saturday at noon eastern time! Accomplishments: - Raised $20,000,000 To Plant 20,000,000 Trees - Removed 30,000,000 pounds of trash from the ocean - Helped 2,000 people walk again - Helped 1,000 blind people see - Helped 1,000 deaf people hear - Built wells in Africa - Built and gave away 100 houses - Adopted every dog in a shelter (twice) - Given millions to charity - Started my own snack company Feastables - Started my own software company Viewstats - Started Lunchly, a tasty, better-for-you lunch option - Gave away a private island (twice) - Gave away 1 million meals - I counted to 100k - Ran a marathon in the world's largest shoes - Survived 50 hours in Antarctica - Recreated Squid Game in real life - Created the largest competition show with 1000 people (Beast Games) - Gave $5,000,000 to one person - Passed T-Series to become most subscribed YouTube channel ü•π you get it, I appreciate all of you so much :) ",US,https://yt3.ggpht.com/nxYrc_1_2f77DoBadyxMTmv7ZpRZapHR5jbuYe7PlPd5cIRJxtNNEYyOC0ZsxaDyJJzXrnJiuDE=s88-c-k-c0x00ffffff-no-rj,435000000,899
3dxksf0CzS8,World‚Äôs Fastest Robbers,That robber kinda looks like @DanielLaBelle,2025-05-02T16:00:00Z,,24,en,en,https://i.ytimg.com/vi/3dxksf0CzS8/default.jpg,PT32S,227036913,5088171,12347,public,UCX6OQ3DkcsbYNE6H8uQQuVA,MrBeast,"SUBSCRIBE FOR A COOKIE! New MrBeast or MrBeast Gaming video every single Saturday at noon eastern time! Accomplishments: - Raised $20,000,000 To Plant 20,000,000 Trees - Removed 30,000,000 pounds of trash from the ocean - Helped 2,000 people walk again - Helped 1,000 blind people see - Helped 1,000 deaf people hear - Built wells in Africa - Built and gave away 100 houses - Adopted every dog in a shelter (twice) - Given millions to charity - Started my own snack company Feastables - Started my own software company Viewstats - Started Lunchly, a tasty, better-for-you lunch option - Gave away a private island (twice) - Gave away 1 million meals - I counted to 100k - Ran a marathon in the world's largest shoes - Survived 50 hours in Antarctica - Recreated Squid Game in real life - Created the largest competition show with 1000 people (Beast Games) - Gave $5,000,000 to one person - Passed T-Series to become most subscribed YouTube channel ü•π you get it, I appreciate all of you so much :) ",US,https://yt3.ggpht.com/nxYrc_1_2f77DoBadyxMTmv7ZpRZapHR5jbuYe7PlPd5cIRJxtNNEYyOC0ZsxaDyJJzXrnJiuDE=s88-c-k-c0x00ffffff-no-rj,435000000,899
x7yv72s8h0o,Would You Go On Vacation With A Stranger?,,2025-04-29T16:00:00Z,,24,en,en,https://i.ytimg.com/vi/x7yv72s8h0o/default.jpg,PT1M3S,230955121,7335503,21706,public,UCX6OQ3DkcsbYNE6H8uQQuVA,MrBeast,"SUBSCRIBE FOR A COOKIE! New MrBeast or MrBeast Gaming video every single Saturday at noon eastern time! Accomplishments: - Raised $20,000,000 To Plant 20,000,000 Trees - Removed 30,000,000 pounds of trash from the ocean - Helped 2,000 people walk again - Helped 1,000 blind people see - Helped 1,000 deaf people hear - Built wells in Africa - Built and gave away 100 houses - Adopted every dog in a shelter (twice) - Given millions to charity - Started my own snack company Feastables - Started my own software company Viewstats - Started Lunchly, a tasty, better-for-you lunch option - Gave away a private island (twice) - Gave away 1 million meals - I counted to 100k - Ran a marathon in the world's largest shoes - Survived 50 hours in Antarctica - Recreated Squid Game in real life - Created the largest competition show with 1000 people (Beast Games) - Gave $5,000,000 to one person - Passed T-Series to become most subscribed YouTube channel ü•π you get it, I appreciate all of you so much :) ",US,https://yt3.ggpht.com/nxYrc_1_2f77DoBadyxMTmv7ZpRZapHR5jbuYe7PlPd5cIRJxtNNEYyOC0ZsxaDyJJzXrnJiuDE=s88-c-k-c0x00ffffff-no-rj,435000000,899
uyiG6uw-6pA,"Would You Risk Drowning for $500,000?","These were crazy dangerous so everything was performed under professional supervision Jack Link‚Äôs Jerky can fuel anything. Scan the code or visit the link to buy Jack Link‚Äôs DUOS now: https://bit.ly/4ipfWae #ad #jacklinks  New Merch - https://mrbeast.store  Check out Viewstats! - https://www.viewstats.com/  SUBSCRIBE OR I TAKE YOUR DOG ‚ïî‚ïê‚ï¶‚ïó‚ïî‚ï¶‚ïó‚ïî‚ïê‚ï¶‚ïê‚ï¶‚ï¶‚ï¶‚ï¶‚ïó‚ïî‚ïê‚ïó ‚ïë‚ïö‚ï£‚ïë‚ïë‚ïë‚ïö‚ï£‚ïö‚ï£‚ïî‚ï£‚ïî‚ï£‚ïë‚ïö‚ï£‚ïê‚ï£  ‚ï†‚ïó‚ïë‚ïö‚ïù‚ïë‚ïë‚ï†‚ïó‚ïë‚ïö‚ï£‚ïë‚ïë‚ïë‚ïë‚ïë‚ïê‚ï£ ‚ïö‚ïê‚ï©‚ïê‚ïê‚ï©‚ïê‚ï©‚ïê‚ï©‚ïê‚ï©‚ïù‚ïö‚ï©‚ïê‚ï©‚ïê‚ïù  For any questions or inquiries regarding this video, please reach out to chucky@mrbeastbusiness.com  Music Provided by https://www.extrememusic.com  ---------------------------------------------------------------- follow all of these or i will kick you ‚Ä¢ Facebook - https://www.facebook.com/MrBeast/ ‚Ä¢ Twitter - https://twitter.com/MrBeast ‚Ä¢  Instagram - https://www.instagram.com/mrbeast ‚Ä¢  Im Hiring! - https://www.mrbeastjobs.com/ --------------------------------------------------------------------",2025-04-26T16:00:00Z,,24,en,en,https://i.ytimg.com/vi/uyiG6uw-6pA/default.jpg,PT25M46S,183305825,3110657,43005,public,UCX6OQ3DkcsbYNE6H8uQQuVA,MrBeast,"SUBSCRIBE FOR A COOKIE! New MrBeast or MrBeast Gaming video every single Saturday at noon eastern time! Accomplishments: - Raised $20,000,000 To Plant 20,000,000 Trees - Removed 30,000,000 pounds of trash from the ocean - Helped 2,000 people walk again - Helped 1,000 blind people see - Helped 1,000 deaf people hear - Built wells in Africa - Built and gave away 100 houses - Adopted every dog in a shelter (twice) - Given millions to charity - Started my own snack company Feastables - Started my own software company Viewstats - Started Lunchly, a tasty, better-for-you lunch option - Gave away a private island (twice) - Gave away 1 million meals - I counted to 100k - Ran a marathon in the world's largest shoes - Survived 50 hours in Antarctica - Recreated Squid Game in real life - Created the largest competition show with 1000 people (Beast Games) - Gave $5,000,000 to one person - Passed T-Series to become most subscribed YouTube channel ü•π you get it, I appreciate all of you so much :) ",US,https://yt3.ggpht.com/nxYrc_1_2f77DoBadyxMTmv7ZpRZapHR5jbuYe7PlPd5cIRJxtNNEYyOC0ZsxaDyJJzXrnJiuDE=s88-c-k-c0x00ffffff-no-rj,435000000,899
M1STzb7k9L8,Extreme Helmet Game,,2025-04-25T16:15:00Z,,24,en,en,https://i.ytimg.com/vi/M1STzb7k9L8/default.jpg,PT23S,201259599,2195442,5040,public,UCX6OQ3DkcsbYNE6H8uQQuVA,MrBeast,"SUBSCRIBE FOR A COOKIE! New MrBeast or MrBeast Gaming video every single Saturday at noon eastern time! Accomplishments: - Raised $20,000,000 To Plant 20,000,000 Trees - Removed 30,000,000 pounds of trash from the ocean - Helped 2,000 people walk again - Helped 1,000 blind people see - Helped 1,000 deaf people hear - Built wells in Africa - Built and gave away 100 houses - Adopted every dog in a shelter (twice) - Given millions to charity - Started my own snack company Feastables - Started my own software company Viewstats - Started Lunchly, a tasty, better-for-you lunch option - Gave away a private island (twice) - Gave away 1 million meals - I counted to 100k - Ran a marathon in the world's largest shoes - Survived 50 hours in Antarctica - Recreated Squid Game in real life - Created the largest competition show with 1000 people (Beast Games) - Gave $5,000,000 to one person - Passed T-Series to become most subscribed YouTube channel ü•π you get it, I appreciate all of you so much :) ",US,https://yt3.ggpht.com/nxYrc_1_2f77DoBadyxMTmv7ZpRZapHR5jbuYe7PlPd5cIRJxtNNEYyOC0ZsxaDyJJzXrnJiuDE=s88-c-k-c0x00ffffff-no-rj,435000000,899
7K-yxGWYsnk,"$10,000 Human Shuffleboard",,2025-04-22T16:30:14Z,,24,en,en,https://i.ytimg.com/vi/7K-yxGWYsnk/default.jpg,PT40S,472310370,5807568,4660,public,UCX6OQ3DkcsbYNE6H8uQQuVA,MrBeast,"SUBSCRIBE FOR A COOKIE! New MrBeast or MrBeast Gaming video every single Saturday at noon eastern time! Accomplishments: - Raised $20,000,000 To Plant 20,000,000 Trees - Removed 30,000,000 pounds of trash from the ocean - Helped 2,000 people walk again - Helped 1,000 blind people see - Helped 1,000 deaf people hear - Built wells in Africa - Built and gave away 100 houses - Adopted every dog in a shelter (twice) - Given millions to charity - Started my own snack company Feastables - Started my own software company Viewstats - Started Lunchly, a tasty, better-for-you lunch option - Gave away a private island (twice) - Gave away 1 million meals - I counted to 100k - Ran a marathon in the world's largest shoes - Survived 50 hours in Antarctica - Recreated Squid Game in real life - Created the largest competition show with 1000 people (Beast Games) - Gave $5,000,000 to one person - Passed T-Series to become most subscribed YouTube channel ü•π you get it, I appreciate all of you so much :) ",US,https://yt3.ggpht.com/nxYrc_1_2f77DoBadyxMTmv7ZpRZapHR5jbuYe7PlPd5cIRJxtNNEYyOC0ZsxaDyJJzXrnJiuDE=s88-c-k-c0x00ffffff-no-rj,435000000,899
Tbn4cYCaZCk,"Drift This Car, Win $10,000",,2025-04-16T17:00:15Z,,24,en,en,https://i.ytimg.com/vi/Tbn4cYCaZCk/default.jpg,PT20S,461211128,6248624,10198,public,UCX6OQ3DkcsbYNE6H8uQQuVA,MrBeast,"SUBSCRIBE FOR A COOKIE! New MrBeast or MrBeast Gaming video every single Saturday at noon eastern time! Accomplishments: - Raised $20,000,000 To Plant 20,000,000 Trees - Removed 30,000,000 pounds of trash from the ocean - Helped 2,000 people walk again - Helped 1,000 blind people see - Helped 1,000 deaf people hear - Built wells in Africa - Built and gave away 100 houses - Adopted every dog in a shelter (twice) - Given millions to charity - Started my own snack company Feastables - Started my own software company Viewstats - Started Lunchly, a tasty, better-for-you lunch option - Gave away a private island (twice) - Gave away 1 million meals - I counted to 100k - Ran a marathon in the world's largest shoes - Survived 50 hours in Antarctica - Recreated Squid Game in real life - Created the largest competition show with 1000 people (Beast Games) - Gave $5,000,000 to one person - Passed T-Series to become most subscribed YouTube channel ü•π you get it, I appreciate all of you so much :) ",US,https://yt3.ggpht.com/nxYrc_1_2f77DoBadyxMTmv7ZpRZapHR5jbuYe7PlPd5cIRJxtNNEYyOC0ZsxaDyJJzXrnJiuDE=s88-c-k-c0x00ffffff-no-rj,435000000,899
figrl0aOULs,Click This Video To Feed 1 Person,"Buying 1 Hoodie = 100 Meals for people in need! Go get it now: https://www.doordash.com/p/dashmart-near-me #ad #doordashpartner   Thank you https://youtube.com/@DoorDash for teaming up to fight food insecurity.  Check out Sharing Excess at https://www.sharingexcess.com/  New Merch - https://mrbeast.store  Check out Viewstats! - https://www.viewstats.com/  SUBSCRIBE OR I TAKE YOUR DOG ‚ïî‚ïê‚ï¶‚ïó‚ïî‚ï¶‚ïó‚ïî‚ïê‚ï¶‚ïê‚ï¶‚ï¶‚ï¶‚ï¶‚ïó‚ïî‚ïê‚ïó ‚ïë‚ïö‚ï£‚ïë‚ïë‚ïë‚ïö‚ï£‚ïö‚ï£‚ïî‚ï£‚ïî‚ï£‚ïë‚ïö‚ï£‚ïê‚ï£  ‚ï†‚ïó‚ïë‚ïö‚ïù‚ïë‚ïë‚ï†‚ïó‚ïë‚ïö‚ï£‚ïë‚ïë‚ïë‚ïë‚ïë‚ïê‚ï£ ‚ïö‚ïê‚ï©‚ïê‚ïê‚ï©‚ïê‚ï©‚ïê‚ï©‚ïê‚ï©‚ïù‚ïö‚ï©‚ïê‚ï©‚ïê‚ïù  For any questions or inquiries regarding this video, please reach out to chucky@mrbeastbusiness.com  Music Provided by https://www.extrememusic.com  ---------------------------------------------------------------- follow all of these or i will kick you ‚Ä¢ Facebook - https://www.facebook.com/MrBeast/ ‚Ä¢ Twitter - https://twitter.com/MrBeast ‚Ä¢  Instagram - https://www.instagram.com/mrbeast ‚Ä¢  Im Hiring! - https://www.mrbeastjobs.com/ --------------------------------------------------------------------   Terms and Conditions: For every limited edition MrBeast x DoorDash hoodie purchased on DoorDash from 04/12/25 to 5/9/25, DoorDash will donate $10 to Feeding America¬Æ, up to $50,000 total. $1 helps provide at least 10 meals secured by Feeding America¬Æ on behalf of local partner food banks.",2025-04-12T16:00:01Z,,24,en,en,https://i.ytimg.com/vi/figrl0aOULs/default.jpg,PT10M29S,71810894,4208980,73634,public,UCX6OQ3DkcsbYNE6H8uQQuVA,MrBeast,"SUBSCRIBE FOR A COOKIE! New MrBeast or MrBeast Gaming video every single Saturday at noon eastern time! Accomplishments: - Raised $20,000,000 To Plant 20,000,000 Trees - Removed 30,000,000 pounds of trash from the ocean - Helped 2,000 people walk again - Helped 1,000 blind people see - Helped 1,000 deaf people hear - Built wells in Africa - Built and gave away 100 houses - Adopted every dog in a shelter (twice) - Given millions to charity - Started my own snack company Feastables - Started my own software company Viewstats - Started Lunchly, a tasty, better-for-you lunch option - Gave away a private island (twice) - Gave away 1 million meals - I counted to 100k - Ran a marathon in the world's largest shoes - Survived 50 hours in Antarctica - Recreated Squid Game in real life - Created the largest competition show with 1000 people (Beast Games) - Gave $5,000,000 to one person - Passed T-Series to become most subscribed YouTube channel ü•π you get it, I appreciate all of you so much :) ",US,https://yt3.ggpht.com/nxYrc_1_2f77DoBadyxMTmv7ZpRZapHR5jbuYe7PlPd5cIRJxtNNEYyOC0ZsxaDyJJzXrnJiuDE=s88-c-k-c0x00ffffff-no-rj,435000000,899
Uxc84UUrVHk,You Can Stop Child Labor,,2025-04-11T16:00:01Z,,24,en,en,https://i.ytimg.com/vi/Uxc84UUrVHk/default.jpg,PT58S,87487612,3521841,20540,public,UCX6OQ3DkcsbYNE6H8uQQuVA,MrBeast,"SUBSCRIBE FOR A COOKIE! New MrBeast or MrBeast Gaming video every single Saturday at noon eastern time! Accomplishments: - Raised $20,000,000 To Plant 20,000,000 Trees - Removed 30,000,000 pounds of trash from the ocean - Helped 2,000 people walk again - Helped 1,000 blind people see - Helped 1,000 deaf people hear - Built wells in Africa - Built and gave away 100 houses - Adopted every dog in a shelter (twice) - Given millions to charity - Started my own snack company Feastables - Started my own software company Viewstats - Started Lunchly, a tasty, better-for-you lunch option - Gave away a private island (twice) - Gave away 1 million meals - I counted to 100k - Ran a marathon in the world's largest shoes - Survived 50 hours in Antarctica - Recreated Squid Game in real life - Created the largest competition show with 1000 people (Beast Games) - Gave $5,000,000 to one person - Passed T-Series to become most subscribed YouTube channel ü•π you get it, I appreciate all of you so much :) ",US,https://yt3.ggpht.com/nxYrc_1_2f77DoBadyxMTmv7ZpRZapHR5jbuYe7PlPd5cIRJxtNNEYyOC0ZsxaDyJJzXrnJiuDE=s88-c-k-c0x00ffffff-no-rj,435000000,899
BzKaMelDzqo,How Fast Can I Go?,"New Merch - https://mrbeast.store  Check out Viewstats! - https://www.viewstats.com/  SUBSCRIBE OR I TAKE YOUR DOG ‚ïî‚ïê‚ï¶‚ïó‚ïî‚ï¶‚ïó‚ïî‚ïê‚ï¶‚ïê‚ï¶‚ï¶‚ï¶‚ï¶‚ïó‚ïî‚ïê‚ïó ‚ïë‚ïö‚ï£‚ïë‚ïë‚ïë‚ïö‚ï£‚ïö‚ï£‚ïî‚ï£‚ïî‚ï£‚ïë‚ïö‚ï£‚ïê‚ï£  ‚ï†‚ïó‚ïë‚ïö‚ïù‚ïë‚ïë‚ï†‚ïó‚ïë‚ïö‚ï£‚ïë‚ïë‚ïë‚ïë‚ïë‚ïê‚ï£ ‚ïö‚ïê‚ï©‚ïê‚ïê‚ï©‚ïê‚ï©‚ïê‚ï©‚ïê‚ï©‚ïù‚ïö‚ï©‚ïê‚ï©‚ïê‚ïù  For any questions or inquiries regarding this video, please reach out to chucky@mrbeastbusiness.com  ---------------------------------------------------------------- follow all of these or i will kick you ‚Ä¢ Facebook - https://www.facebook.com/MrBeast6000/ ‚Ä¢ Twitter - https://twitter.com/MrBeast ‚Ä¢  Instagram - https://www.instagram.com/mrbeast ‚Ä¢  Im Hiring! - https://www.mrbeastjobs.com/ --------------------------------------------------------------------",2025-04-05T16:00:12Z,,24,en,en,https://i.ytimg.com/vi/BzKaMelDzqo/default.jpg,PT18S,167644647,2721148,8328,public,UCX6OQ3DkcsbYNE6H8uQQuVA,MrBeast,"SUBSCRIBE FOR A COOKIE! New MrBeast or MrBeast Gaming video every single Saturday at noon eastern time! Accomplishments: - Raised $20,000,000 To Plant 20,000,000 Trees - Removed 30,000,000 pounds of trash from the ocean - Helped 2,000 people walk again - Helped 1,000 blind people see - Helped 1,000 deaf people hear - Built wells in Africa - Built and gave away 100 houses - Adopted every dog in a shelter (twice) - Given millions to charity - Started my own snack company Feastables - Started my own software company Viewstats - Started Lunchly, a tasty, better-for-you lunch option - Gave away a private island (twice) - Gave away 1 million meals - I counted to 100k - Ran a marathon in the world's largest shoes - Survived 50 hours in Antarctica - Recreated Squid Game in real life - Created the largest competition show with 1000 people (Beast Games) - Gave $5,000,000 to one person - Passed T-Series to become most subscribed YouTube channel ü•π you get it, I appreciate all of you so much :) ",US,https://yt3.ggpht.com/nxYrc_1_2f77DoBadyxMTmv7ZpRZapHR5jbuYe7PlPd5cIRJxtNNEYyOC0ZsxaDyJJzXrnJiuDE=s88-c-k-c0x00ffffff-no-rj,435000000,899
4yx9ZJDfyKk,Baseball Tic Tac Toe vs MLB Pro,I wish I was as good as AaronJudge BUT if you‚Äôre a @TMobile member and wanna watch him crush it all regular season long FOR FREE thanks to Magenta Status check out https://T-Mobile.com/MLB!  #TMobilePartner,2025-03-27T16:00:00Z,,24,en,en,https://i.ytimg.com/vi/4yx9ZJDfyKk/default.jpg,PT27S,64302816,1522207,7475,public,UCX6OQ3DkcsbYNE6H8uQQuVA,MrBeast,"SUBSCRIBE FOR A COOKIE! New MrBeast or MrBeast Gaming video every single Saturday at noon eastern time! Accomplishments: - Raised $20,000,000 To Plant 20,000,000 Trees - Removed 30,000,000 pounds of trash from the ocean - Helped 2,000 people walk again - Helped 1,000 blind people see - Helped 1,000 deaf people hear - Built wells in Africa - Built and gave away 100 houses - Adopted every dog in a shelter (twice) - Given millions to charity - Started my own snack company Feastables - Started my own software company Viewstats - Started Lunchly, a tasty, better-for-you lunch option - Gave away a private island (twice) - Gave away 1 million meals - I counted to 100k - Ran a marathon in the world's largest shoes - Survived 50 hours in Antarctica - Recreated Squid Game in real life - Created the largest competition show with 1000 people (Beast Games) - Gave $5,000,000 to one person - Passed T-Series to become most subscribed YouTube channel ü•π you get it, I appreciate all of you so much :) ",US,https://yt3.ggpht.com/nxYrc_1_2f77DoBadyxMTmv7ZpRZapHR5jbuYe7PlPd5cIRJxtNNEYyOC0ZsxaDyJJzXrnJiuDE=s88-c-k-c0x00ffffff-no-rj,435000000,899
kPa_S6jN9ls,Could You Win This Obstacle Course?,#ad,2025-03-25T16:15:01Z,,24,en,en,https://i.ytimg.com/vi/kPa_S6jN9ls/default.jpg,PT34S,88671519,1683384,10131,public,UCX6OQ3DkcsbYNE6H8uQQuVA,MrBeast,"SUBSCRIBE FOR A COOKIE! New MrBeast or MrBeast Gaming video every single Saturday at noon eastern time! Accomplishments: - Raised $20,000,000 To Plant 20,000,000 Trees - Removed 30,000,000 pounds of trash from the ocean - Helped 2,000 people walk again - Helped 1,000 blind people see - Helped 1,000 deaf people hear - Built wells in Africa - Built and gave away 100 houses - Adopted every dog in a shelter (twice) - Given millions to charity - Started my own snack company Feastables - Started my own software company Viewstats - Started Lunchly, a tasty, better-for-you lunch option - Gave away a private island (twice) - Gave away 1 million meals - I counted to 100k - Ran a marathon in the world's largest shoes - Survived 50 hours in Antarctica - Recreated Squid Game in real life - Created the largest competition show with 1000 people (Beast Games) - Gave $5,000,000 to one person - Passed T-Series to become most subscribed YouTube channel ü•π you get it, I appreciate all of you so much :) ",US,https://yt3.ggpht.com/nxYrc_1_2f77DoBadyxMTmv7ZpRZapHR5jbuYe7PlPd5cIRJxtNNEYyOC0ZsxaDyJJzXrnJiuDE=s88-c-k-c0x00ffffff-no-rj,435000000,899
69g-YcbmgQA,"Find Your Dog, Win $10,000",,2025-03-23T16:00:01Z,,24,en,en,https://i.ytimg.com/vi/69g-YcbmgQA/default.jpg,PT36S,436229752,10985587,9680,public,UCX6OQ3DkcsbYNE6H8uQQuVA,MrBeast,"SUBSCRIBE FOR A COOKIE! New MrBeast or MrBeast Gaming video every single Saturday at noon eastern time! Accomplishments: - Raised $20,000,000 To Plant 20,000,000 Trees - Removed 30,000,000 pounds of trash from the ocean - Helped 2,000 people walk again - Helped 1,000 blind people see - Helped 1,000 deaf people hear - Built wells in Africa - Built and gave away 100 houses - Adopted every dog in a shelter (twice) - Given millions to charity - Started my own snack company Feastables - Started my own software company Viewstats - Started Lunchly, a tasty, better-for-you lunch option - Gave away a private island (twice) - Gave away 1 million meals - I counted to 100k - Ran a marathon in the world's largest shoes - Survived 50 hours in Antarctica - Recreated Squid Game in real life - Created the largest competition show with 1000 people (Beast Games) - Gave $5,000,000 to one person - Passed T-Series to become most subscribed YouTube channel ü•π you get it, I appreciate all of you so much :) ",US,https://yt3.ggpht.com/nxYrc_1_2f77DoBadyxMTmv7ZpRZapHR5jbuYe7PlPd5cIRJxtNNEYyOC0ZsxaDyJJzXrnJiuDE=s88-c-k-c0x00ffffff-no-rj,435000000,899
aKq8bkY5eTU,I Survived The 5 Deadliest Places On Earth,"It‚Äôs crazy we actually did this Our new Feastables Peanut Butter Cups roll out over the next two weeks into every¬†Target, Walmart, and 7-Eleven across America üëâ https://fstbls.com/5mj6dv #ad #feastablespartner  Enter the Feastables Beast Games Sweepstakes! https://fstbls.com/uub0d4  Thanks @drewbinsky  for joining on Snake Island, go subscribe to his channel!  New Merch - https://mrbeast.store  Check out Viewstats! - https://www.viewstats.com/  SUBSCRIBE OR I TAKE YOUR DOG ‚ïî‚ïê‚ï¶‚ïó‚ïî‚ï¶‚ïó‚ïî‚ïê‚ï¶‚ïê‚ï¶‚ï¶‚ï¶‚ï¶‚ïó‚ïî‚ïê‚ïó ‚ïë‚ïö‚ï£‚ïë‚ïë‚ïë‚ïö‚ï£‚ïö‚ï£‚ïî‚ï£‚ïî‚ï£‚ïë‚ïö‚ï£‚ïê‚ï£  ‚ï†‚ïó‚ïë‚ïö‚ïù‚ïë‚ïë‚ï†‚ïó‚ïë‚ïö‚ï£‚ïë‚ïë‚ïë‚ïë‚ïë‚ïê‚ï£ ‚ïö‚ïê‚ï©‚ïê‚ïê‚ï©‚ïê‚ï©‚ïê‚ï©‚ïê‚ï©‚ïù‚ïö‚ï©‚ïê‚ï©‚ïê‚ïù  For any questions or inquiries regarding this video, please reach out to chucky@mrbeastbusiness.com  Music Provided by https://www.extrememusic.com  ---------------------------------------------------------------- follow all of these or i will kick you ‚Ä¢ Facebook - https://www.facebook.com/MrBeast/ ‚Ä¢ Twitter - https://twitter.com/MrBeast ‚Ä¢  Instagram - https://www.instagram.com/mrbeast ‚Ä¢  Im Hiring! - https://www.mrbeastjobs.com/ --------------------------------------------------------------------  NO PURCHASE NECESSARY.  Must be 18+.  For no purchase method of entry and complete details go to https://fstbls.com/jfythq",2025-03-22T16:00:00Z,,24,en,en,https://i.ytimg.com/vi/aKq8bkY5eTU/default.jpg,PT13M23S,152304047,3115163,54439,public,UCX6OQ3DkcsbYNE6H8uQQuVA,MrBeast,"SUBSCRIBE FOR A COOKIE! New MrBeast or MrBeast Gaming video every single Saturday at noon eastern time! Accomplishments: - Raised $20,000,000 To Plant 20,000,000 Trees - Removed 30,000,000 pounds of trash from the ocean - Helped 2,000 people walk again - Helped 1,000 blind people see - Helped 1,000 deaf people hear - Built wells in Africa - Built and gave away 100 houses - Adopted every dog in a shelter (twice) - Given millions to charity - Started my own snack company Feastables - Started my own software company Viewstats - Started Lunchly, a tasty, better-for-you lunch option - Gave away a private island (twice) - Gave away 1 million meals - I counted to 100k - Ran a marathon in the world's largest shoes - Survived 50 hours in Antarctica - Recreated Squid Game in real life - Created the largest competition show with 1000 people (Beast Games) - Gave $5,000,000 to one person - Passed T-Series to become most subscribed YouTube channel ü•π you get it, I appreciate all of you so much :) ",US,https://yt3.ggpht.com/nxYrc_1_2f77DoBadyxMTmv7ZpRZapHR5jbuYe7PlPd5cIRJxtNNEYyOC0ZsxaDyJJzXrnJiuDE=s88-c-k-c0x00ffffff-no-rj,435000000,899
TNtpUQbW4mg,This Is How The Pyramids Were Built,,2025-03-18T16:00:00Z,,24,en,en,https://i.ytimg.com/vi/TNtpUQbW4mg/default.jpg,PT13S,288957774,7625041,18359,public,UCX6OQ3DkcsbYNE6H8uQQuVA,MrBeast,"SUBSCRIBE FOR A COOKIE! New MrBeast or MrBeast Gaming video every single Saturday at noon eastern time! Accomplishments: - Raised $20,000,000 To Plant 20,000,000 Trees - Removed 30,000,000 pounds of trash from the ocean - Helped 2,000 people walk again - Helped 1,000 blind people see - Helped 1,000 deaf people hear - Built wells in Africa - Built and gave away 100 houses - Adopted every dog in a shelter (twice) - Given millions to charity - Started my own snack company Feastables - Started my own software company Viewstats - Started Lunchly, a tasty, better-for-you lunch option - Gave away a private island (twice) - Gave away 1 million meals - I counted to 100k - Ran a marathon in the world's largest shoes - Survived 50 hours in Antarctica - Recreated Squid Game in real life - Created the largest competition show with 1000 people (Beast Games) - Gave $5,000,000 to one person - Passed T-Series to become most subscribed YouTube channel ü•π you get it, I appreciate all of you so much :) ",US,https://yt3.ggpht.com/nxYrc_1_2f77DoBadyxMTmv7ZpRZapHR5jbuYe7PlPd5cIRJxtNNEYyOC0ZsxaDyJJzXrnJiuDE=s88-c-k-c0x00ffffff-no-rj,435000000,899
TgCm8oDmxOk,I Crashed One Of The Most Expensive Cars In The World,,2025-03-14T16:00:00Z,,24,en,en,https://i.ytimg.com/vi/TgCm8oDmxOk/default.jpg,PT16S,93236815,2353935,6701,public,UCX6OQ3DkcsbYNE6H8uQQuVA,MrBeast,"SUBSCRIBE FOR A COOKIE! New MrBeast or MrBeast Gaming video every single Saturday at noon eastern time! Accomplishments: - Raised $20,000,000 To Plant 20,000,000 Trees - Removed 30,000,000 pounds of trash from the ocean - Helped 2,000 people walk again - Helped 1,000 blind people see - Helped 1,000 deaf people hear - Built wells in Africa - Built and gave away 100 houses - Adopted every dog in a shelter (twice) - Given millions to charity - Started my own snack company Feastables - Started my own software company Viewstats - Started Lunchly, a tasty, better-for-you lunch option - Gave away a private island (twice) - Gave away 1 million meals - I counted to 100k - Ran a marathon in the world's largest shoes - Survived 50 hours in Antarctica - Recreated Squid Game in real life - Created the largest competition show with 1000 people (Beast Games) - Gave $5,000,000 to one person - Passed T-Series to become most subscribed YouTube channel ü•π you get it, I appreciate all of you so much :) ",US,https://yt3.ggpht.com/nxYrc_1_2f77DoBadyxMTmv7ZpRZapHR5jbuYe7PlPd5cIRJxtNNEYyOC0ZsxaDyJJzXrnJiuDE=s88-c-k-c0x00ffffff-no-rj,435000000,899
